nro_conabip,id_departamento,mail,fecha_fundacion
11,70049,,1980-01-01
18,2000,asociacionroffo@yahoo.com.ar,1916-05-01
19,2000,popular12deoctubre@hotmail.com,1910-10-12
25,2000,bibliotecaobrerajuanbjusto@gmail.com,
28,2000,bibliotecapueyrredon@hotmail.com,1916-06-16
32,2000,bibliotecapopularalberdi@yahoo.com.ar,1910-07-08
62,2000,,1980-01-01
77,2000,,1918-03-14
78,2000,bibliotecajerodo@yahoo.com.ar,1917-03-25
83,6049,info@bibliotecaronco.com.ar,
87,6462,bibliotecapopular@live.com.ar,1916-08-20
88,6007,,1912-08-23
90,6028,,1918-08-01
93,6105,bib_rivadavia@yahoo.com.ar,1911-12-15
98,6658,,1980-01-01
100,6056,abrbp@abrbp.org.ar,
101,6203,bibliotecasarmiento_2000@yahoo.com.ar,1915-01-31
105,6224,bibliotecanovaro@hotmail.com,
111,6049,,1918-05-26
113,6217,bpsarmiento113@yahoo.com.ar,
115,6840,bpalberdi@yahoo.com.ar,1914-04-03
118,6238,,1945-10-27
122,6483,,1920-12-27
123,6274,bibliotecasarmiento_varela@yahoo.com.ar,1920-07-04
125,6760,bibliotecadfs@hotmail.com,1913-06-13
126,6351,,1913-06-13
131,6287,bibliofbalcarce@yahoo.com.ar,1915-04-29
135,6595,,1980-01-01
139,6413,,1909-05-27
150,6434,,1917-09-07
165,6441,bibliotecaalborada@yahoo.com,1918-05-02
167,6245,,1917-07-22
168,6497,salonesbibliotecaameghino@gmail.com,1914-11-27
173,6490,bibliotecamentruytespectaculos@gmail.com,1900-05-02
174,6329,,1914-12-02
175,6483,ccplbsarmiento@yahoo.com.ar,1912-03-16
177,6469,bibliotecasarmientocoop@hotmail.com.ar,
192,6756,,1913-07-28
194,6532,biblsarmiento_mercedes@hotmail.com,
195,6574,biberenchu@copesnet.com.ar,1907-04-14
197,6581,,1980-01-01
200,6588,,1980-01-01
201,6595,bibliotecaferroviaria@hotmail.com,1904-06-20
202,6595,,1909-07-25
210,6700,bib.sarmiento.pigue@gmail.com,1914-01-03
213,6623,bibliotecamenendez@yahoo.com.ar,1900-10-19
215,6609,bibrivadavia@gmail.com,1910-06-11
217,6035,,1921-10-28
221,6672,bibliotecapopulargsrauch@gmail.com,1920-03-20
222,6210,,1920-01-01
223,6756,,
226,6770,,
230,6735,rot14@hotmail.com,2006-11-06
231,6749,noticiasmadero@gmail.com,
232,6728,,1980-01-01
233,6714,,1901-09-14
236,6700,biblioteca_jbalberdi@yahoo.com.ar,1916-05-15
238,6791,bibliotecajbalberdi@yahoo.com.ar,1916-05-26
240,6791,bpbrtandil@hotmail.com,1908-06-21
244,6826,bibliotecarivadavia_tl@yahoo.com.ar,1903-05-17
249,6441,,1920-06-08
252,6035,punkyflores69@hotmail.com,1918-10-10
258,6154,sanjose@servicoopsa.com.ar,1920-09-26
259,6833,bibsarmiento@3net.com.ar,
262,6700,,1942-11-22
268,6154,bibliotejedor@yahoo.com.ar,1916-10-28
270,6161,bibliocada@yahoo.com.ar,1914-09-08
276,6308,,1980-01-01
279,6476,,1918-04-05
287,6371,bibliopopsanmartin2001@yahoo.com.ar,1914-10-04
294,6434,bibliotecasarmiento@yahoo.com.ar,1918-03-01
303,30098,bibliotecapopularelporvenir@yahoo.com.ar,
306,30008,bpfiatlux@gmail.com,
319,30015,man.1872@concordia.com.ar,
324,30021,gerebasso@yahoo.com.ar,
328,30113,,1924-10-12
330,30070,,1939-08-26
334,30021,biblioteca_ramirez@yahoo.com.ar,1980-01-01
338,30028,bibliotecapop.67@gmail.com,
340,30056,institutomagnasco@hotmail.com,
341,30056,bibliosarmiento@yahoo.com,
342,30049,bibpopmastronardi@yahoo.com.ar,
354,30077,,
355,30084,ComisionDirectiva@bibliotecaparana.org.ar,
364,30091,bibliotecatala@gmail.com,
370,30070,,1919-07-05
375,30056,,1912-05-09
381,30008,bpgmitre@yahoo.com.ar,1904-05-01
382,30035,bibliofederal@hotmail.com,1912-09-01
383,30113,bpmitre0383@gmail.com,
384,30113,,
385,30028,bibliotecapopularurquiza@multichajari.com.ar ,1909-07-18
387,30008,biburquiza@yahoo.com.ar,1904-04-24
392,30015,,1917-05-13
401,30091,bibliotecacarruego@gmail.com ,1920-06-20
411,82014,bibcasado@arnet.com.ar,1908-10-24
413,82091,gorositodaniela@hotmail.com,1910-12-10
414,82056,biblioteca.br@gmail.com,1920-04-22
416,82084,,1919-06-08
417,82105,,1912-10-01
419,82028,,1919-05-25
420,82105,bibliotecagalvez@cablenet.com.ar,1905-02-21
422,82133,,1907-05-01
424,82028,bibliotecajbmolina@gmail.com,1918-02-10
426,82049,biblioteca@malabrigo.com,1922-03-16
427,82091,,1913-03-10
429,82119,,1920-11-14
430,82084,,1918-07-09
440,82084,,
442,82084,,
455,82063,bibliomitre0455@yahoo.com.ar,1907-06-03
460,82091,bibliotecapop_sancristobal@hotmail.com,1910-12-03
461,82070,,1911-08-06
462,82070,bibliogkellerscs@hotmail.com,
463,82063,dgsilva23@hotmail.com,1918-07-20
466,82105,,1918-08-25
467,82028,bpmanuelbelgrano@hotmail.com,1980-01-01
468,82028,mariaperrissol@gmail.com,
469,82042,biblioameghino@powervt.com.ar,1930-01-01
470,82084,bibliocgspano@msn.com,1917-10-12
472,82021,,1919-06-04
473,82126,bibliomarmol@live.com,1917-12-17
475,82028,,1918-03-10
476,82105,biblalcacer@hotmail.com,1919-10-19
479,82028,bibliotecapeylsp@yahoo.com.ar,1917-07-04
481,82028,bibliopeyrano@gmail.com,1920-10-12
483,82084,bibpopee@yahoo.com.ar,1911-01-06
487,82063,biblioteca_moreno@yahoo.com.ar,1912-12-04
488,82042,bibliopopular488@hotmail.com,1917-08-26
489,82119,,1918-04-28
490,82077,biblioteca9dejulio@tostado.com.ar,1980-01-01
491,82042,,1915-07-09
492,18007,,1901-04-18
494,18021,,
495,18021,biblioctesmagda@hotmail.com,1980-01-01
501,18070,bpsarmientogoya@gmail.com,1911-11-11
502,18063,bibliotecapopularrivera@hotmail.com,1914-01-01
504,18063,,1980-01-01
506,18112,biblio506@hotmail.com,1909-10-30
509,18105,literariabelgrano@gmail.com,1910-09-11
511,18119,bsarmiento@arnet.com.ar,1904-10-19
512,18168,biblioteca512@hotmail.com,1980-01-01
517,18035,acyacbpr@gmail.com,1914-10-25
522,18161,,1914-06-13
523,18175,,1918-06-09
527,14161,,1926-07-03
528,14182,bprjcarcano@yahoo.com.ar,1907-04-21
534,14014,,1909-05-11
539,14028,,1917-05-01
543,14042,,1916-05-05
544,14084,bibliotecaflorentinoameghino@hotmail.com,1914-07-14
545,14035,b.sarmiento@hotmail.com,1919-10-22
547,14021,,1912-07-12
549,14084,,1913-10-12
555,14098,,1910-07-10
560,14140,bibliotecapopularycc@gmail.com,1926-08-05
567,14042,secretaria_gral@bibliotecarivadavia.edu.ar,1904-09-25
581,14140,bisarlasvarillas@gmail.com,1918-07-09
582,14042,,1919-04-09
584,14098,,1918-03-31
586,14182,bibliommm@yahoo.com.ar,1917-07-14
588,14098,bibliosarmiento1915@yahoo.com.ar,1915-07-09
595,74035,,1914-01-14
596,74007,,1910-09-11
599,74007,,1910-10-30
601,74035,,1980-01-01
603,74028,mario_saulsosa@hotmail.com,1916-05-25
608,74049,bibliopop@live.com,1915-05-23
611,74014,,1916-06-27
612,86077,pedrourquizanqn@hotmail.com,1919-10-12
615,86028,,1916-06-09
616,86063,,1908-10-11
619,86035,,1910-05-25
621,86049,bibliotecasociedadsarmiento@hotmail.com,
624,86035,,1929-05-25
634,90077,,1911-02-10
635,90021,,1980-01-01
640,90035,,1921-10-12
642,90070,sociedadybibliotecamitre@yahoo.com.ar,1906-07-19
644,90084,bipopalberdi100@hotmail.com,1903-06-26
645,90084,,1905-07-18
651,90112,,1912-11-20
652,90042,,1912-06-02
661,90056,,1926-09-12
665,50021,ifsapaag@hotmail.com,1914-05-10
676,50105,,1919-03-30
689,50098,bibliopop.julioaroca@gmail.com,1980-01-01
692,50084,bip692@hotmail.com,1915-05-30
700,70028,,1910-09-04
702,70056,,1908-08-15
704,70028,,
707,70098,,1910-09-30
709,70091,,1916-03-20
713,70035,,1918-04-03
714,70119,bibliovallefertil@hotmail.com ,
716,46042,biblioteca026@gmail.com,1903-09-22
718,46014,bibliotecamarianomoreno@gmail.com,
719,46014,,1914-02-01
723,46063,,1908-12-15
724,46007,,1915-04-28
725,46035,enriquealbertostoller@hotmail.com,1921-06-13
726,46049,,1914-10-24
729,10021,,
730,10042,bibliochum@yahoo.com.ar,1980-01-01
740,10042,,1912-02-22
742,10091,,1912-10-28
749,10035,,1916-04-16
752,66035,,1910-06-06
753,66140,,
760,66112,,1916-09-23
763,38014,bibliotecadomingotperez@gmail.com,1905-04-09
766,38021,bibpojuj@imagine.com.ar,
769,38028,,1906-05-25
770,38035,,1911-06-05
771,38063,,1911-09-07
772,38112,,1911-08-31
774,38112,,1915-07-09
779,22140,biblio80rivadavia@yahoo.com.ar,1909-09-18
780,22140,,1901-10-20
783,22140,bibliommoreno@hotmail.com,1980-01-01
787,34014,,1910-06-25
790,54035,,1911-06-02
793,54028,bibposadas@arnetbiz.com.ar,1913-12-13
802,54021,,1979-10-18
803,54098,,1910-05-02
805,42133,bibmartini@hotmail.com,1919-07-07
806,42070,sonirack77@yahoo.com.ar,1921-02-03
808,42105,bibliotecaestrada@yahoo.com,1912-11-30
811,42133,,1910-05-01
815,42098,bibliorica@yahoo.com.ar,1905-06-04
816,42119,bpraulbdiaz@yahoo.com.ar,1911-07-01
819,42035,bibliosm@cospec.com.ar,1932-12-03
823,42126,biblioquetre@cernet.com.ar,1915-06-27
824,58042,bibliotecaolascoaga_chosmalal@yahoo.com.ar,1980-01-01
826,58056,bp9jul@smandes.com.ar,1917-11-04
827,58112,,1916-05-12
829,62028,bibliotecageneralconesa@gmail.com,1905-02-28
830,62007,biblioteca.mitre@yahoo.com.ar,1906-01-31
832,62014,bibliotecachoelechoel@yahoo.com.ar,1918-10-01
859,82028,bibliotecabombal@bombal.net.ar,1921-05-29
860,6840,bpmoreno@hotmail.com,1920-11-11
861,6252,alberdibiblio@yahoo.com.ar,1929-07-09
862,10084,,1918-08-18
864,14119,,1980-01-01
870,14014,biblialberdi@yahoo.com.ar,1911-09-11
873,14161,,1919-09-14
876,82126,bipsm@sme.com.ar,1919-06-02
883,42077,biblioteca_adelvalle@hotmail.com,1923-01-01
886,30098,bluzobrera1919@yahoo.com.ar,1919-08-23
897,42140,bibliotecatoay@cpenet.com.ar,1921-11-21
898,6638,bibliotecapilar@yahoo.com.ar,1922-03-12
901,42154,biflora.me@hotmail.com,1922-02-22
906,82105,,1922-02-20
908,90014,,1920-05-16
911,6035,,1922-05-14
913,38035,,1922-02-10
914,6882,cpcultura@hotmail.com,1922-01-17
916,42133,margaretsos@hotmail.com,1920-07-09
925,82112,bibliotecagcrespo@hotmail.com.ar,1922-07-15
935,82021,,1922-08-04
938,6854,,1922-10-02
945,82070,bibliohumboldt@arnet.com.ar,1922-05-25
947,2000,bpcienciaylabor@gmail.com,1918-05-25
957,6805,,1916-09-16
966,6819,bibliotecatornquist@yahoo.com.ar,1917-04-01
967,62014,elarteesrealidad@yahoo.com.ar,1980-01-01
973,82056,amigosdelabibliotecasarmiento@gmail.com,1920-04-18
982,82084,bibliotecaamoralestudio@hotmail.com,1922-12-24
985,82126,bmitre24@yahoo.com.ar,1924-05-25
987,74035,mariel_ra19@live.com.ar,1937-05-02
991,82112,biblioteca@sanjustosf.com.ar,1919-11-25
992,22140,bipisarello@yahoo.com.ar,1923-12-13
997,6778,bpsarkorn@yahoo.com.ar,1923-04-08
1001,78021,,1959-09-13
1002,6140,bpalmafuerte@hotmail.com,1923-05-21
1007,86049,,1980-01-01
1014,82049,,1921-03-13
1016,82063,bibpop@santafe-conicet.gov.ar,1915-05-24
1019,6861,,1921-10-09
1020,10077,,1921-11-02
1021,6063,bibliotecapizzurno@yahoo.com.ar,1923-12-01
1024,82042,,1924-07-09
1028,6840,lamitredecaseros@gmail.com,1921-07-24
1035,82014,,1914-01-14
1041,82119,c3biblpizzurno1@yahoo.com.ar,1924-08-03
1045,10035,,1924-09-24
1053,10105,,1924-07-24
1054,6413,,1923-04-12
1062,6014,bipobrchaves@yahoo.com.ar,1925-05-10
1063,82084,,1922-04-05
1070,18021,,1925-03-28
1071,14091,,1923-05-06
1078,18021,bpjcontte1078@yahoo.com.ar,1923-01-01
1081,86049,,1925-05-30
1083,82063,bibalberdilp@hotmail.com,1925-05-25
1093,82084,bibaristobulo@yahoo.com.ar,1925-01-01
1116,82042,,1925-08-25
1119,82126,bibliotecacdarosquin@velosat.com.ar,1924-08-05
1131,2000,bibliomorris@hotmail.com,1907-11-07
1135,82112,,1922-07-15
1138,82014,,1917-04-19
1144,82070,bibliopopular@hotmail.com,1926-04-10
1145,82056,,1924-07-19
1152,82119,bibliotecasarmiento@arnet.com.ar,1917-09-30
1170,90105,,1923-05-17
1175,82042,bibliopoprmunijoseingenieros@gmail.com,1913-05-01
1176,14140,,1923-11-11
1178,6371,bibliotecarivadavia@yahoo.es,1925-07-09
1179,86077,bibsarmientoanatuya@hotmail.com,1922-07-01
1180,94014,,1926-11-08
1187,2000,bibliotecapueyrredonsud@gmail.com,1920-03-21
1188,82021,,1998-02-20
1191,6840,biblioalmafuerte@hotmail.com,1926-10-12
1193,6483,bibliocapponi@yahoo.com.ar,1902-01-12
1194,6791,,1919-06-06
1198,38056,silvio_valencia@hotmail.com,1926-05-26
1201,30056,,1927-04-24
1204,86049,bpaalvarez@hotmail.com,1926-11-15
1228,6770,bibliotecadfsarmiento@gmail.com,1927-04-28
1232,6469,,1926-08-06
1242,6371,bpalberdi@gmail.com,1927-02-23
1246,6602,bibpopcervantes@yahoo.com.ar,1927-10-12
1248,6406,bibliopopalmafuerte@yahoo.com.ar,1922-06-14
1251,30008,fabricacolon@hotmail.com,1905-07-26
1256,50056,bibliotecatomasgcruzcosta@hotmail.com,1926-08-29
1257,6497,bibliotecaopendoor@hotmail.com,1926-05-10
1259,82084,,1927-08-04
1260,38094,,1910-05-26
1264,86035,,1927-06-24
1265,82084,biblioteca25demayo@gmail.com,1980-01-01
1266,6134,bibliotecapopulardfsarmiento@hotmail.com,1927-07-01
1276,50105,bibliotecafranciscopenasco@yahoo.com.ar,1926-11-26
1278,6007,ccibiblio@hotmail.com,1925-01-01
1280,6091,bpmbelgrano@hotmail.com,1924-08-04
1299,6833,catriel_h@hotmail.com,1927-08-27
1303,62021,secretaria@bibliotecasarmiento.com.ar,1928-03-21
1309,6581,joseestrada@arnet.com.ar.,1926-04-03
1311,18112,,1928-05-01
1312,6189,,1928-05-24
1319,82042,,1928-07-01
1326,6455,,1928-08-12
1342,58035,bibliotecajbalberdi@gmail.com,1928-11-10
1344,2000,trjgonzalez@outlook.com,1928-03-30
1345,46014,bmarcelinoreyes@gmail.com,1980-01-01
1347,6189,biblioameghino@altisa.com.ar,1928-12-05
1349,70084,,1929-02-25
1351,2000,susanapariani@hotmail.com,1928-12-20
1361,86161,,1928-01-02
1364,50014,bibliotecadeoeste@hotmail.com ,1928-08-05
1366,66049,sarmientobp1366@gmail.com,1928-11-08
1373,18042,,1911-09-11
1375,2000,bibliotecabecciu@gmail.com,1915-10-01
1377,10091,,1928-09-23
1381,6210,,1907-01-01
1388,6833,marialemorcillo@gmail.com,1930-05-10
1391,6560,,1929-07-21
1395,82126,,1929-05-01
1399,82028,,1929-12-26
1403,14049,bibliotecamm2013@gmail.com,1929-11-03
1408,82021,bpmoreno1408@yahoo.com.ar,1929-10-27
1412,6413,,1928-10-05
1419,14182,,1929-08-04
1426,78014,,1927-03-08
1452,6623,,1929-09-11
1454,6413,,1930-02-04
1464,62063,,1930-05-04
1465,6056,bibliomarianomorenoiw@gmail.com,1925-08-24
1469,6070,,
1472,82042,bibliosancti@coopsancti.com.ar,1930-02-04
1477,42126,bibliotecacaleufu@yahoo.com.ar,1930-07-27
1478,6105,cultural_07@yahoo.com.ar,1926-05-26
1483,6441,,1915-10-01
1489,90084,,1929-02-02
1497,86147,juanaro66@hotmail.com,1917-10-06
1499,42056,bibliovertiz@yahoo.com.ar,1929-11-14
1500,14098,juanbalberdi1500@yahoo.com.ar,1930-08-24
1502,6784,bibliotecaymuseo@yahoo.com.ar,1930-09-26
1509,42098,biblio_mb_luantoro@hotmail.com,1931-05-11
1510,70028,,1918-05-23
1522,62091,bibliotecapopularjacobacci@yahoo.com.ar,1931-05-10
1530,18105,bibliotecasarmientomercedes@gmail.com,1909-11-01
1541,14147,bibliotecapopular4@gmail.com,1931-03-11
1547,18112,,1931-08-02
1554,6021,eleana_1983@hotmail.com,1925-01-01
1555,42105,almafuerte_1555@yahoo.com.ar,1931-07-26
1556,42147,biblioarata@yahoo.com.ar,1931-08-16
1576,50105,bibpop1576@yahoo.com.ar,1932-06-19
1582,82042,aliciamargalida2002@yahoo.com.ar,1931-10-15
1599,82014,bpmitrearequito@gmail.com,1932-03-15
1600,82007,bibliotortugas@hotmail.com,1930-06-07
1611,90028,,1932-03-23
1615,30084,bporientacion@arnet.com.ar,1932-02-21
1620,6245,,1932-06-18
1627,6791,,1932-06-01
1633,6609,,1931-12-03
1646,42035,popularsarmiento@yahoo.com.ar,1932-05-15
1647,14147,labpdealtagracia@gmail.com,1932-01-26
1654,82021,,1931-09-27
1658,90105,,1928-09-15
1659,14021,bibliotecapopularlabicicleta@gmail.com,1932-05-18
1662,86049,bibliounzaga@yahoo.es,1930-04-20
1663,6056,bibliotecabmitre@yahoo.com.ar,1922-04-10
1665,86049,,1927-07-14
1673,6252,bp20dediciembre@gmail.com,1932-09-25
1676,6119,,1932-05-25
1680,82028,aropalo@yahoo.com.ar,1932-05-03
1684,6469,bibliobayauca@hotmail.com,1932-06-12
1695,62042,,1932-09-29
1701,62021,bibliotecasarmiento@elbolson.com,1932-12-11
1706,6434,bibprimerodemayo@hotmail.com,1914-12-13
1707,6294,,1932-10-12
1710,6581,,1932-09-11
1724,82042,,1932-08-25
1729,70070,,1932-10-10
1733,6260,,1932-09-01
1743,6623,bibliomo@hotmail.com,1926-12-01
1747,6441,,1927-12-27
1749,82035,,1980-01-01
1756,14098,bibatelleria@hotmail.com,1929-04-18
1758,14063,juanbenitzbiblioteca@gmail.com,1917-10-07
1766,42126,bibrancul452@hotmail.com,1932-10-20
1769,6105,bpurdampilleta@yahoo.com.ar,1933-07-21
1770,6182,bibjbalberdi@gmail.com,1933-02-19
1771,82063,,1929-01-01
1775,46021,,1927-11-27
1789,82007,bpsarmientoarmstrong@yahoo.com.ar,1931-10-18
1793,2000,,1932-11-15
1799,90070,bpcnv@yahoo.com.ar,1929-06-02
1800,82084,bibliotecajmalet@gmail.com,1932-02-28
1805,46021,,1934-10-24
1808,82028,binioro@gmail.com,1917-01-01
1809,6413,biblioteca9dejulio@gmail.com,1933-06-02
1819,26077,bpaatw@gmail.com,1934-07-08
1824,14140,bibliotecapopularjifreyre@gmail.com,1934-04-28
1825,66056,,1933-06-18
1827,74035,evelynbcrr9@gmail.com,1934-04-18
1828,66056,,1934-10-01
1830,6441,,1903-10-12
1837,14182,atleticopascanas@yahoo.com.ar,1931-01-01
1838,82126,bpsme@sme.com.ar,1934-08-19
1843,2000,bibliotecabelisarioroldan@yahoo.com.ar,1980-01-01
1850,6588,,1933-10-12
1851,90084,,1934-09-24
1857,6112,,1926-05-01
1863,86147,,1980-01-01
1864,6098,bibliopopularpestalozzi@gmail.com,1935-07-09
1867,14091,bibliotecapopularsarmiento@yahoo.com.ar,1934-04-21
1872,14049,bjingenieros@intinet.com.ar,1933-02-06
1874,6413,armando_de_miguel@hotmail.com,1929-02-19
1880,6427,bibliomoreno@yahoo.com.ar,1930-04-18
1883,6175,,1920-04-24
1885,62042,,1935-12-19
1887,70028,,1935-11-24
1898,70105,,1935-06-15
1913,18049,,1915-06-21
1918,18112,,1929-08-30
1920,6441,bibpopmarianomoreno@hotmail.com,1936-07-11
1921,6778,,1936-05-03
1924,82091,bpsarmiento.suardi@gmail.com,1933-12-19
1936,82007,bibliotecamdeoca@redcrs.com.ar,1934-08-12
1943,2000,bibliotecabrivadavia@yahoo.com.ar,1924-04-21
1945,42105,biblioamartello@hotmail.com,1937-04-01
1947,82084,,1926-01-26
1952,82042,biblioteca_chovet@hotmail.com,1937-06-13
1957,18056,bibliotecapopularalvear@hotmail.com,1936-07-09
1970,82126,bpsm1970@gmail.com,1937-04-29
1973,6441,,1927-08-03
1975,2000,,1916-03-01
1977,6623,,1933-07-09
1988,6658,,1932-08-21
1989,82084,,1936-12-27
1990,42007,bibliorolon@gmail.com,1914-11-23
1991,2000,,1929-02-01
1993,46021,,1933-09-03
1994,82042,,1938-04-15
1997,46126,,1935-10-01
1998,6525,bibliopop.gsm@gmail.com,1936-09-12
2004,82084,bibliotecaalberdi@hotmail.com,1935-05-25
2005,82084,bibliohomero@hotmail.com,1936-08-18
2006,14133,,1935-05-18
2008,14140,,1932-11-23
2012,82049,biblio_marianomoreno@hotmail.com.ar,1980-01-01
2014,2000,bibliotecanazar@yahoo.com.ar,1936-05-01
2015,90105,,1935-05-05
2021,14035,bpjovita@jovitacoop.com.ar,1937-06-27
2022,6749,bpromulonaon@gmail.com,1939-01-14
2032,90084,,1927-04-17
2037,82042,crycuniondelnorte@gmail.com,1934-05-20
2038,82119,bibliotecapopular.almafuerte@gmail.com,1939-05-30
2040,6875,bbcamitre@yahoo.com.ar,1939-04-24
2045,14021,,1918-07-23
2063,6364,,1936-07-20
2068,6049,bibliochillar@yahoo.com.ar,1939-01-06
2069,6441,bibliotecapopularsanmartin@hotmail.com,1936-04-15
2073,6616,,1914-10-11
2081,14161,,1930-12-26
2082,6098,,1944-06-11
2084,86049,bibliotecarrojas@gmail.com,1938-11-16
2090,6658,bibbosco@hotmail.com,1972-07-28
2094,82084,bibpopfherrera@yahoo.com.ar,1928-12-09
2098,6441,bibliotecameridianov@hotmail.com,1929-04-16
2107,6847,,1939-09-29
2108,86161,,1917-12-07
2110,82070,,1942-02-19
2111,2000,centroproteccion@latinmail.com,1980-01-01
2114,62042,bibliotecapopularroca@gmail.com,1936-04-29
2115,6742,,1940-07-28
2122,42119,,1933-04-13
2123,82063,bibliobrown@hotmail.com,1939-10-30
2127,6441,bprepetto@gmail.com,1941-12-06
2128,62014,bibliopizzurnobeltran@gmail.com,1942-01-25
2130,90084,,1935-06-09
2131,50014,bp2131sarmiento@yahoo.com.ar,1935-04-28
2134,6448,bplaprida@yahoo.com.ar,1940-12-01
2135,6021,bpjimechita@live.com.ar,1940-06-01
2136,82007,,1935-04-26
2137,42007,bibliotecariglos@yahoo.com.ar,1980-01-01
2142,58084,bibliotecaphuecu@hotmail.com,1942-05-25
2148,14091,,1938-04-08
2151,6245,,1924-11-18
2152,70084,bibliotecajuanromulofernandez@hotmail.com,1940-08-16
2157,14021,,1942-10-03
2158,6651,,1930-01-22
2159,6070,,1919-10-05
2162,14042,,1938-09-11
2170,6014,barrerabp@hotmail.com,1942-11-30
2171,18112,bibliotecalainez@hotmail.com,1936-04-07
2177,2000,bibliotecapopularmarianoboedo@yahoo.com.ar,1980-01-01
2178,82056,biblioteca_carrizales@hotmail.com,1943-04-11
2182,82028,,1943-03-31
2185,22147,biblioteca113@yahoo.com.ar,1943-06-06
2187,82091,bibpopalberdi@yahoo.com.ar,1935-06-08
2188,50014,bibliotecadimarco@yahoo.com.ar,1940-12-08
2189,82014,biblbelgrano@gmail.com,1939-06-20
2191,6112,bbelgrano@yahoo.com.ar,1943-12-03
2197,14063,,1939-09-26
2198,22140,bcalynch50@yahoo.com.ar,1942-09-28
2203,14182,biblio_we@hotmail.com,1943-06-20
2207,82070,biblioteca.jbalberdi@hotmail.com,1943-11-13
2208,82056,biblioppizzurno@hotmail.com,1936-04-04
2209,6655,,1941-07-19
2225,6196,,1932-07-10
2233,2000,asocvecvilladelparque@hotmail.com,1929-01-01
2237,82084,,1942-11-07
2242,70028,bp_camilorojo@yahoo.com.ar,1944-11-12
2243,6560,biblioteca@cbmm.com.ar,1916-08-30
2252,86042,bpbelgrano2252_bandera@hotmail.com,1943-07-04
2254,82021,biblioteca_jmestrada@hotmail.com,1937-01-15
2256,82028,,1944-08-04
2257,14014,bibliotecatejeda@hotmail.com,1944-12-17
2259,42070,guatrachebpalmafuerte@gmail.com,1945-08-01
2260,90056,,1917-08-30
2262,86049,,1942-06-08
2264,6168,biblicast@yahoo.com.ar,1940-04-24
2265,14140,,1945-03-05
2266,30056,bibliotecalopezjordangchu@gmail.com,1943-11-14
2271,6441,cfloshornos@yahoo.com.ar,1933-09-11
2275,6840,bibitalar@hotmail.com,1944-01-02
2276,82042,,1945-09-02
2277,6581,,1980-01-01
2293,46056,,1946-04-17
2296,6035,bibpopularmitre@yahoo.com.ar,1932-03-01
2297,22084,bibciervopetiso@yahoo.com.ar,1945-04-01
2311,86035,,1945-08-03
2316,42035,biblomn@yahoo.com.ar,1946-09-17
2317,42021,biblo2317@gmail.com,1980-01-01
2318,6098,,1947-06-20
2321,14063,bibliotecacdb@yahoo.com,1918-01-01
2323,6441,bibliotecafameghino@hotmail.com,1945-01-01
2324,6560,bibliogiuffra@hotmail.com,1945-02-04
2330,14091,bp2330@bepe.ar,1946-12-09
2331,82063,bibmaestro@gmail.com,1947-11-23
2339,82042,bibliorivadavia@hotmail.com,1937-06-11
2341,6693,giseafrica@yahoo.com.ar,1946-06-29
2355,42133,bibliotecaingenieroluiggi@hotmail.com,1948-07-04
2356,90049,,1909-07-09
2360,14140,clubalmafuertelv970@gmail.com,1945-05-13
2365,10049,,1942-08-31
2366,6469,,1945-09-17
2371,6595,bibliotecasb@yahoo.com.ar,1948-04-25
2373,42154,bibpopataliva@yahoo.com.ar,1934-08-13
2384,82063,,1945-11-23
2387,42154,biblioteca_sv@yahoo.com.ar,1943-08-11
2401,6490,bibliolonghi@hotmail.com,1980-01-01
2405,6826,,1937-01-01
2406,14042,biblioteca.marianomoreno@villamaria.gob.ar,1942-12-19
2414,26042,,1943-03-12
2418,90070,bibliotecaluisabuffodeferro@yahoo.com.ar,1949-06-22
2419,18091,,1948-10-16
2421,82056,,1939-05-14
2424,14063,,1949-05-25
2426,14140,,1940-10-10
2428,6707,,1980-01-01
2436,6441,bibliojuanvucetich@gmail.com,1944-07-01
2438,6441,,1923-12-23
2444,82063,centro.espaniolbp.santafe@gmail.com,1943-12-08
2449,82084,biblarg@rosario.gov.ar,1910-09-07
2453,26098,clara_petachi@hotmail.com,1949-03-20
2456,86035,,1946-08-04
2457,42126,,1950-11-12
2472,82042,bibliomm@hotmail.com,1950-04-03
2473,6098,bibliotecaguiraldes@yahoo.com.ar,1949-02-02
2490,6098,,1943-06-06
2492,6098,,1980-01-01
2498,6441,,1947-09-21
2501,6385,bibpopmm_lostoldos@yahoo.com.ar,1939-05-07
2534,14119,bpsmo@yahoo.com.ar,1950-08-17
2543,6035,bjmarmol@yahoo.com.ar,1940-06-28
2546,6441,,1939-03-27
2549,22140,,1980-01-01
2551,26091,biblioteca2551@yahoo.com.ar,1911-07-16
2554,6665,,1951-08-11
2558,2000,asociacionalvear@yahoo.com.ar,1950-10-25
2561,54091,bibpopsarmiento@yahoo.com.ar,1946-09-09
2574,66049,,1944-09-24
2578,86049,,1940-08-24
2585,6441,bibliofameghino@yahoo.com.ar,1936-09-26
2595,18105,bp2595@gmail.com,1940-03-30
2596,30028,,1925-06-09
2597,94007,bibliotecaeduardoschmidt@hotmail.com.ar,1953-04-08
2601,82021,bibliotecadeangelica@hotmail.com.ar,1953-04-04
2603,62042,biblio5saltos@hotmail.com,1932-09-15
2608,22140,bibliotecaremediosdeescalada@yahoo.com.ar,1951-12-01
2611,82063,bibliotecambooz@gmail.com,1942-12-29
2615,14056,bibpopjlc@yahoo.com.ar,1951-04-26
2620,70049,biblpoplasflores2620@yahoo.com.ar,1954-04-01
2631,82126,,1932-07-15
2639,74056,bibliotecaisaacnewton@gmail.com,1954-08-19
2642,82049,bibliopopularmmavellaneda@hotmail.com,1954-11-15
2644,6441,,1954-11-30
2646,6609,bibliotecamadero@live.com.ar,1952-06-29
2647,42147,bibliotecatrenel@yahoo.com.ar,1926-08-30
2655,82091,,1954-06-20
2662,6547,bp_manuelbelgrano@hotmail.com,1950-09-20
2665,50077,,1993-11-12
2672,46042,,1955-11-28
2673,6560,bibliotecambon@live.com.ar,1954-01-24
2675,2000,,
2676,6434,balberdiescalada@gmail.com,1919-09-19
2679,42056,bprenovacion@gmail.com,1932-05-07
2686,22140,bibliotecabelgrano@gmail.com,1925-05-22
2687,46014,,1956-06-02
2688,6077,bibmitre@yahoo.com.ar,1939-04-22
2690,82084,bpccvigil@gmail.com,1944-07-08
2691,6763,,1947-04-24
2692,22140,bib.herrera2692@hotmail.com,1955-11-18
2697,6357,,1911-11-16
2698,82063,,1980-01-01
2699,38063,,1980-01-01
2711,6840,biblioteca_jose_ingenieros@yahoo.com.ar,1925-02-11
2713,6434,,1945-10-12
2722,82021,,1957-10-14
2723,6084,bipopbernaltorres@gmail.com,1946-12-26
2729,6469,bibliosalas@yahoo.com.ar,1958-04-18
2735,18021,,1957-09-13
2737,14182,malambo_laborde@yahoo.com.ar,1947-09-17
2747,58035,bibliotecachrodriguez@gmail.com,1958-10-22
2751,14098,,1955-09-07
2757,6441,,1940-11-12
2760,82014,bibelateneo@gmail.com,1953-07-09
2763,86035,bibliotecapopularconradojuarez@hotmail.com,1940-06-15
2767,6434,bibliotecabarriocanal@yahoo.com.ar,1955-09-03
2768,14007,,1959-05-17
2772,82063,bpizzurnosfe@hotmail.com,1929-06-25
2776,14014,biblioteca_lac@hotmail.com,1959-04-12
2786,42077,bibliotecammoreno@yahoo.com.ar,1958-11-27
2788,6658,bibliotecapopularpedrogoyena@yahoo.com.ar,1959-08-15
2789,6315,,1944-04-02
2790,6056,,1960-09-27
2794,14119,,1961-06-17
2803,42105,bibliotecajvg@yahoo.com.ar,1958-10-12
2804,6560,bibliopop.pasodelrey@hotmail.es,1958-08-06
2807,42105,bibliotecagarro@gmail.com,1961-08-21
2810,6270,bpdfsts@yahoo.com.ar,1959-08-09
2811,82070,bibliosantodomingo@gmail.com,1935-07-19
2813,86147,,1962-12-01
2814,90105,,1959-11-04
2815,6735,bmarianomoreno@yahoo.com.ar,1957-12-01
2824,6351,,1961-03-01
2828,2000,,1941-03-25
2830,6371,bibliopombo@gmail.com,1964-11-15
2831,82056,bibliosarmientoadeo@hotmail.com,1943-09-13
2840,82042,bp2840@bepe.ar,1960-03-20
2841,6056,,1966-11-10
2843,6260,bibliotecaameghino@gmail.com,1964-05-24
2849,66119,,1963-10-10
2850,10070,,1980-01-01
2851,14098,,1932-05-01
2854,86147,,1964-11-27
2858,14063,,1918-03-18
2861,6147,biblioingenieros@gmail.com,1963-09-07
2862,30056,,1960-06-07
2863,6805,,1969-04-18
2866,14098,bibliotecarrojas@hotmail.com,1969-07-21
2867,82049,,1966-09-07
2870,6028,bibliorojaspaz@gmail.com,1969-03-22
2871,6056,,1963-06-01
2872,6462,bibvedia@yahoo.com.ar,1961-07-09
2875,50063,bibliopmalberdi@yahoo.com.ar,1911-05-25
2876,82084,,1904-11-01
2880,6427,,1963-11-03
2883,82056,biblioastorni@yahoo.com.ar,1970-06-08
2884,14063,,1967-05-06
2885,82070,jbalberdi@educ.ar,1969-03-15
2887,6644,biblioteca@telpin.com.ar,1970-06-20
2891,62042,BPRICARDOROJAS@HOTMAIL.COM,1971-06-20
2894,50056,biblioteca_pujadas@hotmail.com,1971-04-29
2900,14098,,1972-04-28
2905,82014,,1957-06-19
2906,62042,,1970-07-01
2907,22063,bcapopularcastellichaco@yahoo.com.ar,1980-01-01
2913,82056,ccvigilveloisa@outlook.com,1973-09-11
2914,6322,nesoa_07@yahoo.com.ar,1944-03-15
2916,2000,bibazarolagil@hotmail.com,1941-12-23
2918,18105,,1969-03-26
2922,62042,bpamigosdellibro@hotmail.com,1974-05-03
2923,6408,,1975-05-13
2924,14021,,1942-12-05
2925,14112,,1972-10-21
2926,62077,bibliotecacincuentenario@yahoo.com.ar,1955-07-10
2927,82021,biblioteca2927@yahoo.com.ar,1939-04-01
2928,6861,,1975-04-29
2931,6515,bibwcm@yahoo.com.ar,1975-04-01
2936,14161,bibliotecatancacha@hotmail.com,1976-04-05
2938,70084,,1971-07-09
2939,54028,,1975-05-03
2941,82021,,1980-01-01
2942,82042,bibliotecalugones@bombal.net.ar,1976-06-20
2944,54077,bibliotecahoracioquiroga@live.com,1962-06-15
2945,82042,biblio2945amenabar@hotmail.com,1925-05-25
2946,82126,,1975-09-04
2949,14014,,1969-11-18
2950,54042,bibliotecaeldorado@hotmail.com,1968-04-09
2951,82007,bibliotecajhernandez@arnet.com.ar,1976-01-20
2954,6868,,1975-12-28
2958,10063,bibpop-lacarrera@yahoo.com.ar,1965-03-20
2964,34049,,1977-12-09
2967,10112,bibliotecapopularsumalao@hotmail.com,1980-01-01
2968,62077,biblionov@yahoo.com.ar,1978-02-23
2970,18168,bibliotecavnc@cableat.net,1967-09-10
2974,34056,biblisanmartin@hotmail.com,1978-04-11
2976,34035,,1978-08-23
2978,14091,,1949-01-16
2982,6028,bibmfierro@yahoo.com.ar,1956-03-11
2984,6638,,1978-01-03
2991,10063,bibliotecaesquiu2991@yahoo.com.ar,1979-04-20
2992,2000,,1924-09-18
2994,2000,bibliotecarebagliati@yahoo.com.ar,1932-05-29
2995,54084,,1978-10-25
2996,22021,,1980-01-01
2997,82021,bpmj@coopmj.com.ar,1974-10-20
2998,6399,,1956-10-25
2999,22014,,1980-01-01
3000,22154,bibricardoguiraldes@yahoo.com.ar ,1975-11-12
3001,6791,bibliotecasarmiento1940@yahoo.com.ar,1980-01-01
3003,22021,bibliotecapibernus@hotmail.com,1980-01-01
3004,22049,josealumnibp72@gmail.com,1980-04-30
3005,22140,delcentenario1@hotmail.com,1972-12-27
3006,82084,bpmorenorosario@hotmail.com.ar,1979-09-02
3007,82014,,1980-06-15
3009,22140,bepcgc@yahoo.com.ar,1972-10-28
3010,6791,biblioteca_valor@hotmail.com,1978-09-20
3011,14098,biblioasuncion@hotmail.com,1966-12-10
3012,6568,,1964-03-22
3013,82126,bibliotecapopulardelandeta@gmail.com,1979-09-18
3014,22133,,1982-03-01
3015,14098,bibliotecasscc@hotmail.com,1970-06-06
3017,10063,,1979-08-13
3019,2000,bibliobocajuniors@yahoo.com.ar,1933-06-12
3023,58049,bpgalvarez@yahoo.com.ar,1983-08-12
3029,82042,bibliohug@gmail.com,1975-12-01
3030,82133,garabato@trcnet.com.ar,1980-01-01
3031,14042,,1984-03-30
3032,82028,bibcervantes3032@yahoo.com.ar,1963-03-01
3033,6091,bibliotecadeplatanos@yahoo.com.ar,1984-05-12
3037,26014,biblagopuelo@yahoo.com.ar,1980-01-01
3038,6217,biblovillalujan@hotmail.com,1982-09-25
3040,6028,,1984-09-28
3041,26042,bibliopopberwyn@gmail.com,1939-07-20
3042,14014,bibliotecamalvinasargentinas@hotmail.com,1980-11-15
3044,14140,,1980-06-20
3045,6147,,1984-12-01
3046,6091,bibliotecapadremugica@hotmail.com,1986-11-04
3049,6560,,1971-07-29
3050,6805,biblios@netben.com.ar,1985-06-05
3051,6035,bnicolasavellaneda@yahoo.com.ar,1985-09-13
3055,14091,,1985-10-26
3056,74049,poetaaguero@merlo_sl.com.ar,1992-09-08
3057,50035,bip3057@gmail.com,1970-10-08
3059,38098,,1986-05-14
3060,6756,,1980-01-01
3063,6035,spebpop@gmail.com,2001-09-15
3065,70007,,1985-12-28
3068,62014,bibliotecalamarque@hotmail.com,1985-12-03
3075,6791,tcdehesa@yahoo.com.ar,1984-07-15
3077,90077,,1972-02-20
3078,18035,cuatiarenda_@hotmail.com,1986-06-14
3080,26077,bibpopfcoguerra84@hotmail.com,1984-09-21
3081,62042,,1980-01-01
3082,62042,bipocre@hotmail.com,1980-01-01
3083,62084,bibliotecaceferino@yahoo.com.ar,1960-05-22
3084,62077,,1984-08-17
3087,58077,,1980-01-01
3090,58063,,1981-08-28
3091,58042,,1980-01-01
3092,58035,butaruca@yahoo.com.ar,1987-07-26
3095,58105,,1985-09-23
3097,58077,bipopclq@yahoo.com.ar,1980-01-01
3099,58035,bibliomalargen@hotmail.com,1980-01-01
3100,58035,bibliolimay@yahoo.com.ar,1989-04-29
3102,58035,,1994-12-21
3103,58035,bpjcortazar@yahoo.com.ar,1980-01-01
3104,58035,suyaimapu@yahoo.com.ar,1980-01-01
3105,62042,,1987-09-21
3106,58056,,1987-06-09
3107,62042,,1965-08-11
3108,70077,cervantesbiblioteca98@gmail.com,1935-08-16
3109,70028,biblioteca1defebrero@hotmail.com,1987-06-15
3112,70091,bibjulioeliasbriggiler@yahoo.com.ar,1988-08-29
3115,86049,,1942-11-15
3116,90070,biblioarancibia@hotmail.com,1987-12-13
3119,90014,bp_juanpablo2tuc@hotmail.com,1980-01-01
3120,90084,,1947-12-05
3121,66007,,1987-10-03
3122,86049,bpe_echeverria@hotmail.com,1933-06-22
3123,86035,bpcarlospellegrini@live.com.ar,1966-05-26
3124,86049,,1980-01-01
3125,66028,biblo424@hotmail.com,1964-08-25
3126,66028,,1947-09-27
3127,14014,nuevabibliomatienzo@hotmail.com,1980-01-01
3128,6420,ctc0057@hotmail.com,1980-01-01
3129,58084,,1980-01-01
3130,58035,dario.millain@gmail.com,1980-01-01
3131,58035,,1987-09-15
3132,6056,bibliotecapronsato@yahoo.com.ar,1989-12-29
3133,70028,bibliosanjuan@hotmail.com,1990-09-23
3134,58035,,1980-01-01
3137,58035,biblioeliel@gmail.com,1990-11-07
3138,14105,,1985-11-06
3139,14063,,1980-01-01
3141,62042,,1980-01-01
3142,78021,,1980-01-01
3143,58035,bibliojuanbenigar@hotmail.com,1980-01-01
3145,58035,bibliotecaedelman@yahoo.com.ar,1980-01-01
3146,58035,,1980-01-01
3147,62014,bibliotecapgv@yahoo.com.ar,1980-01-01
3148,22140,nuestrabiblio@hotmail.com,1986-01-21
3149,6490,,1980-01-01
3150,62007,bibliotecadelninio@hotmail.com,1990-07-14
3151,62042,,1970-03-26
3153,6462,nuevabibliomatienzo@hotmail.com,1988-06-20
3155,82098,bpd@romang.trcnet.com.ar,1981-06-06
3157,6665,bibliozampa@hotmail.com,1995-10-25
3158,6274,almafuertebib@yahoo.com.ar,1985-03-31
3159,90098,,1980-01-01
3160,58035,,1980-01-01
3161,58035,,1980-01-01
3163,82007,bibliobouquet@hotmail.com,1969-12-26
3164,86049,,1988-10-09
3168,58035,bibliotecavalentinsayhueque@hotmail.com,1980-01-01
3169,58070,,1991-11-25
3171,42133,,1979-02-20
3173,6798,biblio@tapalque.mun.gba.gov.ar,1980-01-01
3174,86035,bibliotecadbravo@hotmail.com,1987-08-17
3175,58028,,1980-01-01
3177,42133,,1980-01-01
3179,34014,,1991-08-23
3180,34021,,1992-08-12
3181,42035,biblio_mayer@yahoo.com.ar,1980-01-01
3182,6497,,1918-03-29
3183,38042,,1980-01-01
3184,22140,,1980-01-01
3185,38035,,1980-01-01
3186,42126,bibliotecalamaruja@hotmail.com,1987-11-01
3188,74035,aguero_cnbp_vm3188@yahoo.com.ar,1980-01-01
3189,6217,biblioteka_jso@yahoo.com,1986-02-13
3190,50091,bibdigenaro@yahoo.com.ar,1992-07-10
3192,86035,,1992-07-19
3193,6042,,
3194,6392,biblio@servicoopsa.com.ar,1935-08-25
3195,62042,bibliotecaraulentraigas@hotmail.com,1984-05-25
3196,6392,biblio@cseca.com.ar,1991-06-28
3197,6392,blynch@servicoopsa.com.ar,1979-10-27
3199,82084,bibalfonsina@gmail.com,1990-05-15
3202,26077,,1991-04-15
3203,6427,bibalma@yahoo.com.ar,1993-06-11
3206,62014,,1980-01-01
3207,34049,,1980-01-01
3209,50007,,1992-11-30
3210,58007,,1993-10-20
3211,6441,biblioharosteguy@yahoo.com.ar,1980-01-01
3212,50105,bpderly@yahoo.com.ar,1992-08-12
3213,70028,asic_americas@yahoo.com.ar,1956-03-09
3214,42056,bibliochapaleufu@hotmail.com,1993-03-08
3215,42007,bmfierrodoblas@cosedo.com.ar,1980-01-01
3216,74056,bibliourbanojnunez9@yahoo.com.ar,1993-10-15
3217,58007,,1980-01-01
3218,14014,,1988-11-28
3219,38014,biblmonterrico@gmail.com,1993-02-12
3220,58035,bibliopopularkiquesanchezvera@gmail.com,1993-04-01
3221,74021,,1993-08-26
3222,58035,info.biblioberbel@gmail.com,1993-06-12
3223,70084,,1988-09-27
3224,62021,,1980-01-01
3227,38070,,1980-01-01
3228,50091,,1993-01-02
3230,74056,,1993-08-07
3231,42119,josehernandezbp@yahoo.com.ar,1993-03-29
3233,50091,bpmmorenochilecito@yahoo.com.ar,1947-11-24
3234,50119,bibliotecapopularvistaflores@yahoo.com.ar,1987-03-21
3235,26077,,1991-04-12
3237,38042,,1980-01-01
3238,82021,,1993-01-29
3239,94007,bibliotecaij@hotmail.com,1993-07-31
3241,6427,,1980-01-01
3242,74056,bibliobornemann@gmail.com,1993-10-13
3243,6028,,1986-04-02
3244,26077,,1987-08-17
3248,6560,bphoracioquiroga@hotmail.com,1980-01-01
3250,42070,biblioalp@yahoo.com.ar,1984-08-01
3251,42007,bibliotecaerosiri@gmail.com,1980-01-01
3252,94007,,1992-08-10
3254,6875,bibliotecaascasubi2019@gmail.com,1982-06-20
3255,6609,biblioteca3255@yahoo.com.ar,1993-08-12
3256,26077,,1980-01-01
3257,26014,,1980-01-01
3258,18021,,1980-01-01
3259,78035,biamigosdelsaber@yahoo.com.ar,1980-01-01
3260,58042,,1980-01-01
3261,78021,,1994-04-18
3262,6819,bibliotecasaldungaray@gmail.com,1980-01-01
3263,38042,,1980-01-01
3264,50028,,1980-01-01
3265,50105,,1992-11-19
3266,50014,bibescritoresalvearenses@gmail.com,1994-01-10
3267,6833,bibsanfrabe@yahoo.com.ar,1993-09-30
3268,74014,,1963-05-01
3269,34049,,1993-04-30
3270,2000,,1994-03-05
3271,50091,bibliotecadionisiochaca@gmail.com,1986-09-06
3273,74028,bibliotecapopularcaminito@hotmail.com,1996-04-15
3274,86035,bpsanmartinlabanda@hotmail.com.ar,1994-05-31
3275,38070,,1993-06-28
3276,38098,,1980-01-01
3277,26007,bibliotecacobo@gmail.com,1980-01-01
3279,42014,bibliotecalaadela@hotmail.com,1980-01-01
3281,22140,bibliotecapopulartorres@yahoo.com.ar,1980-01-01
3282,50105,saltodelasrosasbiblioteca@yahoo.com.ar,1993-08-17
3284,74049,micaelabeatriz@hotmail.com,1980-01-01
3285,18140,bp3285@bepe.ar,1916-06-30
3286,66112,bibliotecapopularelgalpon@yahoo.com.ar,1980-01-01
3290,30077,laviejaestacionhernandez@hotmail.com,1980-01-01
3291,90098,,1909-04-01
3292,6336,bibliotecaglavalle@hotmail.com,1974-05-01
3293,6427,fundaciondeliacdea@gmail.com,1980-01-01
3294,70028,,1994-03-26
3295,58035,,1994-03-08
3296,6819,labibliomoreno@gmail.com,1993-10-18
3298,18021,librosabato@yahoo.com.ar,1980-01-01
3299,54119,bibcardozo@yahoo.com.ar,1994-06-01
3300,54021,,1980-01-01
3302,6791,,1988-05-15
3303,6539,,1991-01-24
3304,54084,bibliotecahquir@yahoo.com.ar,1980-01-01
3306,50105,,1980-01-01
3307,38014,,1980-01-01
3308,42154,,1990-12-15
3309,42077,falciola@cooparauz.com.ar,1980-01-01
3310,22039,biblpoparc@yahoo.com.ar,1981-09-03
3311,70028,bibpopem@hotmail.com,1980-01-01
3312,54049,,1980-01-01
3313,6441,,1950-02-23
3314,34035,bipopesfo@hotmail.com,1994-09-30
3315,6553,,1980-01-01
3316,26021,,1993-03-23
3317,18021,bparandu@hotmail.com,1994-07-08
3318,6805,bibliotecaeltalar@yahoo.com.ar,1992-05-20
3319,58035,bpescritoresneuquinos@gmail.com,1994-09-23
3321,42028,,1980-01-01
3323,78014,bibliodelmirador@yahoo.com.ar,1994-06-20
3324,54056,,1980-01-01
3325,22105,,1940-11-10
3326,62021,,1990-03-05
3329,50105,,1980-01-01
3330,34014,bpsimonotto@fibertel.com.ar,1980-01-01
3332,58035,,1993-04-07
3333,14119,,1980-01-01
3335,86140,,1992-10-27
3336,54119,bibpop3336@yahoo.com.ar,1994-06-04
3337,18021,nanuva03@yahoo.com.ar,1980-01-01
3339,6392,biblioteca_fortingainza09@hotmail.com,1991-09-05
3340,94007,bibliotecakaukren@hotmail.com,1980-01-01
3342,82021,,1989-03-05
3343,22140,,1957-12-21
3344,22105,biblioteca-eet5@hotmail.com,1980-01-01
3345,22140,biblioguasti@yahoo.com.ar,1975-05-09
3346,18021,,1980-01-01
3347,42154,biblioacha@yahoo.com.ar,1980-01-01
3348,38063,,1993-07-20
3349,22140,bibpopesas@hotmail.com,1961-07-05
3350,74049,,1994-05-21
3351,6511,,1966-07-09
3353,22119,bib_pop_estrada_plaza@hotmail.com,1967-07-16
3354,58035,,1994-12-10
3355,26077,,1980-01-01
3356,74021,,1980-01-01
3357,74028,,1980-01-01
3358,74056,,1980-01-01
3360,50112,,1980-01-01
3361,62042,,1980-01-01
3362,62042,lesniniesprimero@gmail.com,1980-01-01
3364,6182,nancy_flo@hotmail.com,1980-01-01
3365,82126,bibliopiccolo@eltrebol.gov.ar,2005-06-22
3367,78014,,1980-01-01
3368,18021,,1993-08-19
3370,86161,,1992-05-22
3372,66007,,1992-10-20
3373,66091,,1994-11-26
3374,54084,,1980-01-01
3375,18119,bibliotecapopularpasolibres@hotmail.com,1980-01-01
3377,42021,,1994-08-16
3378,26077,karinaovelar@hotmail.com,1980-01-01
3379,82133,biblioteca@cosemar.com.ar,1994-12-02
3381,58035,biblioteca_irmac@yahoo.com.ar,1980-01-01
3382,42056,,1980-01-01
3383,6833,biblioretaunmuli@3net.com.ar,1994-07-02
3384,22140,,1980-01-01
3385,66126,,1995-11-13
3386,42021,biblioanguil@gmail.com,1995-04-22
3387,34056,,1992-08-17
3388,62042,,1994-12-21
3389,22168,gladysf_cajcepn7@yahoo.com.ar,1995-09-23
3390,82133,bptanino@csdnet.com.ar,1995-05-23
3391,38021,bibliotecapopularjorgecalvetti@hotmail.com ,1980-01-01
3392,6056,,1980-01-01
3393,22036,,1960-05-25
3395,54077,bibpetcoff@yahoo.com.ar,1994-12-07
3396,74056,,1980-01-01
3397,74049,,1980-01-01
3398,74007,,1980-01-01
3399,74056,,1988-02-26
3401,30070,bibliotecase@hotmail.com,1980-01-01
3402,26098,,1980-01-01
3403,6742,,1980-01-01
3404,6490,,1938-09-18
3405,54063,,1980-01-01
3406,70028,bibliolaescalera@hotmail.com,1993-03-06
3407,78021,,1994-08-31
3409,22105,bibliovigil21@gmail.com,1974-05-13
3411,74042,,1980-01-01
3412,74042,,1980-01-01
3414,26084,,1980-01-01
3415,62042,,1980-01-01
3416,42070,bibliojosebarbero@gmail.com,1994-08-01
3418,22140,bibliotecaurdapilleta@hotmail.com.ar,1961-08-14
3421,54028,bibliotecapopularchepoya@gmail.com,1994-03-09
3422,94014,,1994-12-12
3423,50105,,1980-01-01
3425,74028,,1980-01-01
3426,82042,,1992-06-06
3428,86049,,1980-01-01
3430,74063,bibliojuanpascualpringles2012@hotmail.com,1980-01-01
3431,6434,bibliopopameghino@hotmail.com,1980-01-01
3432,22140,bibpopbrumana@hotmail.com,1970-11-12
3433,34014,bpmargaritadiez@hotmail.com,1980-01-01
3434,42133,gildarodriguez_73@hotmail.com,1994-06-04
3435,34014,,1995-09-19
3437,22140,biblioprin@yahoo.com.ar,1980-01-01
3438,18105,,1947-04-01
3439,22098,3439bp@gmail.com,1960-05-11
3441,30077,,1995-06-22
3442,6469,,1980-01-01
3443,74035,,1995-10-10
3444,74021,marthaag_05@hotmail.com,1980-01-01
3445,54056,,1980-01-01
3446,22140,bibliope_bartolomemitre@hotmail.com,1980-01-01
3447,82014,bpsarmiento1963@gmail.com,1963-07-05
3448,6434,,1994-06-06
3450,22140,bib.juanramonlestani@hotmail.com,1980-01-01
3451,82133,,1980-01-01
3452,6260,,1980-01-01
3453,22140,popularevita2012@yahoo.com.ar,1987-12-07
3456,22056,bcajaimehomar@yahoo.com.ar,1980-01-01
3457,22084,bibliotecatuckey@live.com.ar,1980-01-01
3458,22098,anexo@vai.com.ar,1976-09-24
3459,22084,bibnoronha@yahoo.com.ar,1980-01-01
3460,22154,meduc.bibws@ecomchaco.com.ar,1981-11-23
3461,54049,,1980-01-01
3462,38007,cesarmamani29@yahoo.com.ar,1915-09-16
3463,50084,,1980-01-01
3464,70084,,1992-08-30
3465,22028,bibliotecapueyrredon@gmail.com,1966-08-17
3466,62042,,1980-01-01
3468,6126,bibliotecatraverso@yahoo.com.ar,1992-09-08
3469,10098,bibliotecapopularfranco@hotmail.com,1980-01-01
3471,10084,,1992-10-19
3472,18063,bpleamosjuntos2010@hotmail.com,1995-06-08
3473,6371,chapmaris@hotmail.com,1945-04-22
3474,66028,bpmacachaguemes-3474@hotmail.com,1979-06-07
3475,6805,,1996-10-10
3476,6357,,1994-11-21
3477,22140,bcaperon@yahoo.com.ar,1991-02-05
3480,42126,bibliotecajorgepicca@yahoo.com.ar,1995-09-25
3482,30008,freddimartin@hotmail.com,1996-05-25
3483,6189,biblioelperdido@gmail.com,1982-03-01
3484,78021,biblioteca@riogallegos.gov.ar,1980-01-01
3486,50049,bibliotecapmvivante@yahoo.com.ar,1995-08-02
3487,74035,,1980-01-01
3488,74056,,1995-11-03
3489,86049,,1980-01-01
3490,70084,bibliotecapabloramellasj@hotmail.com,1993-08-26
3491,22043,,1980-01-01
3492,22112,bib_cervantes@yahoo.com.ar,1975-06-15
3493,10112,,1995-12-15
3494,10042,,1995-11-23
3495,34014,,1980-01-01
3496,86049,bpclubdemaestros@hotmail.com,1980-01-01
3497,50028,bipo_jnazareno@yahoo.com.ar,1980-01-01
3498,50056,,1980-01-01
3499,6274,arravera@hotmail.com,1980-01-01
3500,78014,biblioaimepaine@hotmail.com,1980-01-01
3501,54014,,1990-06-18
3503,38063,,1996-02-03
3504,74035,labibliopopular@yahoo.com.ar,1995-07-03
3506,26021,bcapoptroncoso@hotmail.com,1980-01-01
3507,22105,fanischlegel@hotmail.com,1991-08-28
3510,26007,,1980-01-01
3511,30084,,1953-09-06
3512,78021,,1980-01-01
3513,82021,,1996-02-15
3516,34049,,1996-07-01
3518,6280,biblioteca_miramar@yahoo.com.ar,1976-12-19
3519,70063,,1980-01-01
3520,14161,bibpopjamescraik@hotmail.com,1996-06-12
3521,70028,,1996-10-16
3522,6274,,1995-08-19
3524,78021,,1994-04-23
3526,10042,,1980-01-01
3527,78021,bibliokunfiquiros@yahoo.com,1996-07-01
3528,82084,bibliolaflorida@yahoo.com.ar,1976-11-06
3529,46021,,1980-01-01
3531,42119,,1996-02-22
3532,90056,bibliopadresaravia@gmail.com,1995-12-02
3533,86049,,1980-01-01
3534,22140,bca_alfredoveirave@hotmail.com,1984-03-05
3535,22140,bibliotecabarzana@hotmail.com,1970-05-18
3536,58035,,1996-07-24
3538,82119,,1980-01-01
3539,90014,biblugones@hotmail.com,1988-05-05
3540,94007,,1980-01-01
3541,10056,,1980-01-01
3542,10077,,1996-10-15
3543,22140,bibliobligado@hotmail.com,1961-02-09
3544,54063,,1996-12-01
3546,42098,bibliocq@hotmail.com,1996-07-01
3548,22056,bibliotecaaguado_lv@hotmail.com,1980-01-01
3549,22154,domingocapozzolo@yahoo.es,1971-05-05
3550,50035,,1980-01-01
3552,6581,biblioquequen@hotmail.com,1980-01-01
3553,22014,,1980-01-01
3554,10112,,1980-01-01
3555,22098,,1981-11-23
3556,78049,,1996-02-22
3558,82063,,1996-02-03
3559,18126,,1980-05-24
3560,10035,,1996-08-02
3561,6035,bipopalacios@yahoo.com.ar,1996-05-07
3562,86126,,1980-01-01
3563,42070,,1995-11-01
3564,22140,,1980-01-01
3565,42133,vanpraetbiblioteca@yahoo.com.ar,1980-01-01
3566,86049,bibliosigloveintiuno@hotmail.com,1996-07-19
3567,78049,,1996-05-14
3568,14098,bpbischoff@hotmail.com,1980-01-01
3569,26021,,1980-01-01
3570,82119,bibcb@hotmail.com,1977-10-10
3571,6182,,1994-09-23
3572,14014,bibliotecapopularhugowast@yahoo.com.ar,1986-08-02
3574,6420,bibliotecamardeltuyu@yahoo.com.ar,1992-06-15
3575,38063,bibliosanjoseobrero@hotmail.com,1980-01-01
3576,14140,,1997-06-14
3577,10112,,1980-01-01
3579,10063,,1980-01-01
3580,78014,,1980-01-01
3581,58077,,1985-11-22
3582,22133,bibliotecafontana@gmail.com,1960-08-27
3583,78014,,1980-01-01
3584,26105,,1980-01-01
3585,6028,,1994-04-23
3586,14119,bpguerbe@hotmail.com,1996-06-15
3587,6056,bibliotecamallea@yahoo.com.ar,1980-01-01
3589,30015,biblioteca3589@hotmail.com,1996-11-11
3591,6203,glabuscfliawach@gmail.com,1991-01-31
3592,14063,bibliotecapopularlidiacesanelli@yahoo.com.ar,1980-01-01
3593,14063,bipop3593@hotmail.com,1980-01-01
3594,74049,bipa6@live.com.ar,1980-01-01
3595,14056,bibliopopcarnerillo@yahoo.com.ar,1997-11-23
3596,14161,biblioppmfierrolp@hotmail.com,1997-08-21
3597,14105,,1980-01-01
3598,86098,,1980-01-01
3599,62056,,1980-01-01
3600,62042,amancaybibliotecapopular@yahoo.com.ar,1980-01-01
3601,62021,,1997-01-27
3602,54028,,1997-04-22
3603,82049,,1996-01-16
3605,66028,,1980-01-01
3606,46063,,1947-11-17
3607,26077,,1983-09-06
3608,30077,biblio.l.alem@hotmail.com,1986-12-28
3609,66147,,1980-01-01
3610,66049,martinfierro2004jh@yahoo.com.ar,1963-05-16
3612,22084,,1980-01-01
3613,50070,bibliotecapopularlucilabombal@hotmail.com,1995-11-16
3614,30049,luzdeprovincia@arnet.com.ar,1991-01-05
3616,6833,,1963-03-13
3617,42035,biblioconhello@yahoo.com.ar,1998-04-01
3618,42084,,1980-01-01
3619,62091,,1980-01-01
3620,14126,info@ordendelcolmenar.com.ar,1996-05-25
3621,6408,biblioapalacios@yahoo.com.ar,1980-01-01
3622,6476,bibliopopularsanmanuel@gmail.com,1993-06-10
3623,14140,,1973-05-19
3625,50049,,1980-01-01
3627,38014,,1996-11-28
3628,6371,,1980-01-01
3629,14091,blugones@gmail.com,1997-10-16
3630,10098,,1997-09-21
3631,6217,labiblioamb@hotmail.com,1994-10-07
3632,26077,bibloprogreso4@hotmail.com,1980-01-01
3633,6351,bibliogranada@yahoo.com.ar,1996-11-22
3634,62042,bibliopopulardecordero@yahoo.com.ar,1980-01-01
3635,82021,,1980-01-01
3636,34014,,1997-07-24
3637,70098,bibgsm@yahoo.com.ar,1997-07-22
3638,26042,,1980-01-01
3639,82063,,1980-01-01
3642,58035,,1997-10-21
3644,6760,bphmunzon@hotmail.com,1996-07-08
3645,14007,bibliotecarojas@yahoo.com.ar,1998-03-30
3646,58035,bib.granneuquen@hotmail..com,1997-02-05
3647,6245,,1957-04-02
3648,6875,,1997-03-15
3649,6434,,1997-03-16
3650,6805,,1980-01-01
3651,66028,elba_ugarte@hotmail.com,1994-04-25
3652,6595,biblioteca_amoroso@yahoo.com.ar,1996-02-01
3653,10070,,1980-01-01
3654,10098,bibliotecasantarosa@yahoo.com.ar,1997-03-15
3655,10049,,1980-01-01
3656,6497,,1996-05-25
3657,38021,bibliotecaepam3@yahoo.com.ar,1997-05-31
3658,6760,bibliotecaentretodos@yahoo.com.ar,1995-08-26
3659,6749,,1997-11-14
3660,10049,,1997-10-23
3662,50119,bibliotecapopularesteves@gmail.com,1997-07-09
3664,82049,,1996-03-26
3665,14021,,1980-01-01
3666,14140,,1980-01-01
3667,26105,,1980-01-01
3668,6515,monbe3@hotmail.com,1998-06-13
3670,22140,,1980-01-01
3671,22028,,1980-04-24
3672,22028,,1980-01-01
3673,22084,bibliotecabp136@hotmail.com.ar,1980-01-01
3674,22133,andolfibiblioteca@hotmail.com,1980-01-01
3675,22084,,1980-01-01
3677,66028,,1996-07-19
3678,82028,,1996-10-20
3681,6441,,1980-01-01
3682,38063,,1980-01-01
3685,26077,,1992-12-20
3686,70021,,1971-11-21
3689,6805,bpjingenieros@hotmail.com,1993-09-25
3690,6756,,1980-01-01
3691,14042,biblioteca_altamira@hotmail.com,1997-05-24
3692,6098,pascualruberto@hotmail.com,1995-06-10
3693,70077,bibliotecapopularmarianomoreno@hotmail.com,1966-06-12
3694,86126,,1980-01-01
3695,66105,,1980-01-01
3696,6420,biblo093@yahoo.com.ar,1985-09-01
3697,6679,bibliomunicipal.rivadavia@gmail.com,1980-01-01
3699,86021,,1980-01-01
3701,10035,,1980-01-01
3702,14119,,1980-01-01
3703,86028,bpnassif@hotmail.com,1980-01-01
3704,66028,,1980-01-01
3706,70119,oscarobles01@gmail.com,1996-06-20
3707,14014,bpra3707@gmail.com,1995-07-16
3708,66028,,1995-07-19
3709,74028,,1980-01-01
3710,82084,,1998-02-02
3711,26007,,1980-01-01
3712,10049,,1980-01-01
3713,38021,,1997-09-20
3715,6399,bibliojh97@yahoo.com.ar,1980-01-01
3716,18161,,1980-01-01
3717,6441,bib.homeromanzi@gmail.com,1980-01-01
3718,6070,,1980-01-01
3719,6035,bibliotecapopularpteavellaneda@yahoo.com.ar,1987-07-24
3720,50049,,1996-07-09
3721,38007,,1997-11-20
3722,42028,ivaveroferrer@yahoo.com.ar,1997-10-13
3723,14042,bpjhernandez@hotmail.com,1980-01-01
3724,6392,bibliob@yahoo.com.ar,1961-10-21
3725,50063,bibliochacras@yahoo.com.ar,1996-10-19
3727,6840,biblo15deagosto@hotmail.com,1997-08-15
3728,6371,,1980-01-01
3729,14098,gracielavaia@hotmail.com,1980-01-01
3730,6427,,1998-02-17
3731,14175,,1980-01-01
3732,26077,bp.benedictoterrone@gmail.com,1998-10-20
3733,70028,marina_vilte@hotmail.com,1980-01-01
3734,66028,biposamposal@hotmail.com,1997-09-17
3735,62042,bibliotecaescritora@gmail.com,1980-01-01
3736,6441,,1997-09-20
3737,42021,bibliorodo@cpenet.com.ar,1994-11-17
3741,82049,,1997-09-11
3743,6749,,1980-01-01
3744,14147,,1980-01-01
3745,66161,bpsantavictoria@gmail.com ,1980-01-01
3746,66028,,1996-10-23
3747,10035,,1980-01-01
3748,14140,,1980-01-01
3749,6112,,1997-07-31
3750,50098,,1980-01-01
3751,30084,bibliotecalosaromos@gmail.com,1980-01-01
3752,6658,bastorni@yahoo.com.ar,1998-08-17
3754,6490,bibliotecasanjose2000@yahoo.com.ar,1980-01-01
3755,54070,bpmejorpasar@hotmail.com.ar,1997-11-22
3756,58014,bibliotecachanar@yahoo.com.ar,1997-12-02
3757,18133,bipsancosme@gmail.com,1998-05-16
3758,66021,,1980-01-01
3759,66056,bibaguaray@hotmail.com,1998-10-09
3761,34056,,1998-09-04
3762,6427,biblioteca303@yahoo.com.ar,1999-03-30
3763,14147,pizzurno10@hotmail.com,1998-08-08
3764,58056,,1980-01-01
3767,6280,,1997-05-25
3768,6805,,1999-03-03
3769,14007,biblio.vgb@gmail.com,1998-11-07
3770,6812,,1980-01-01
3772,14035,,1998-06-22
3773,26035,,1951-03-05
3776,34049,,1980-01-01
3777,54028,,1980-01-01
3778,30015,,1980-01-01
3780,34049,,1980-01-01
3781,66028,bibliotecapopularmariaestergauna@hotmail.com,1980-01-01
3782,14056,,1999-06-10
3785,6515,bibliotecapolvorines@gmail.com,1998-11-05
3786,6441,,1960-10-12
3788,58007,,1980-01-01
3789,14014,,1980-01-01
3790,6749,,1980-01-01
3791,66028,,1997-10-27
3792,6028,bpmgandhi@tutopia.com,1980-01-01
3793,6665,,1999-05-25
3794,6665,,1999-06-26
3795,6056,bpggbb@yahoo.com.ar,1996-11-20
3796,6483,,1980-01-01
3797,6875,,1967-07-15
3798,30063,bpsm3798@hotmail.com,1998-11-30
3800,26021,,1992-05-01
3801,6105,,1972-07-08
3802,6791,bpalbarracin@yahoo.com.ar,1998-07-18
3805,6547,,1980-01-01
3807,58091,,1980-01-01
3808,66028,bibliotecafcosolano@hotmail.es,1980-01-01
3811,6595,biblioindependencia@hotmail.com,1998-11-25
3812,82049,graciela_2102@hotmail.com,1980-01-01
3813,18021,bibliotevaperon@arnet.com.ar,1998-11-28
3815,50119,,1980-01-01
3816,86105,bibliotecaeduardomiguel@hotmail.com,1999-08-31
3817,82056,,1980-01-01
3818,34049,,1998-09-06
3820,82091,,1998-09-01
3821,26014,bibliotecapopularelmaiten@gmail.com,1993-08-12
3822,66028,bpsarmiento3822@hotmail.com,1997-09-17
3823,6490,,1980-01-01
3824,6035,bpmavellaneda@hotmail.com,1919-12-22
3825,54105,,1980-01-01
3826,18021,,1980-01-01
3827,86035,bibpopriodulce@hotmail.com,1980-01-01
3828,6434,roxanacaterbetti42@hotmail.com,1930-10-05
3829,6686,,1932-02-28
3830,6861,bibliotecapopularbdelom@yahoo.com.ar,1958-07-15
3831,62042,,1999-05-18
3833,58112,,1998-07-09
3835,26077,bpkim-hue@hotmail.com,1996-04-08
3836,6357,,1980-01-01
3837,6833,bibliohoussay@yahoo.com.ar,1971-08-08
3838,66028,bibliotecanoragodoy@hotmail.com,1999-09-06
3839,42028,bp3839@bepe.ar,1980-01-01
3840,58035,,1999-06-10
3841,6028,atahualpa1999@gmail.com,1999-12-10
3842,34014,,1998-05-13
3845,14014,biblioalfonsinastorni@gmail.com,1999-08-01
3853,14140,bivignaud536@hotmail.com,1998-12-07
3865,6490,,1980-01-01
3866,6756,,1980-01-01
3867,14091,,1999-01-27
3868,66028,bibaparicio@hotmail.com,1999-09-23
3869,82084,bibliorfontanarrosa@hotmail.com,1980-01-01
3871,10007,,1980-01-01
3873,82070,bibliote@pilar-sfe.com.ar,1998-03-12
3874,42077,bibabramo@hotmail.com,1980-01-01
3875,54091,,1980-01-01
3877,6441,biblioteca_elizalde@yahoo.com.ar,1993-08-23
3878,6658,,1980-01-01
3880,6861,,1999-10-16
3884,2000,,1999-10-22
3885,6574,biblioalma@yahoo.com.ar,1980-01-01
3886,6560,,2000-04-25
3889,6595,,1980-01-01
3890,6217,bibliotecaipora2000@yahoo.com.ar,1997-02-22
3891,6274,,1999-08-30
3892,82084,bibliotecauranga@hotmail.com,1995-10-15
3893,86154,,1997-08-11
3894,6203,bibliotecapopularhuanguelen@gmail.com,1969-09-27
3895,38028,,1980-01-01
3898,82084,bpelbuensaber2004@yahoo.com.ar,2000-07-20
3899,26021,ledmuriel@yahoo.com,1996-02-17
3900,6134,sanestebanbibliotecapopular@yahoo.com.ar <SANESTEBANBIBLIOTECAPOPULAR@YAHOO.COM.AR>,1980-01-01
3901,6568,biblioteca_jsgaviota@hotmail.com,1997-01-27
3903,62042,biblioteca_mundo_feliz@yahoo.com.ar,1997-05-09
3904,14007,bibliopopularf.enrique@hotmail.com,2000-08-29
3905,14014,bibpopmijardin@gmail.com,1990-08-17
3906,6791,bibliotecaghezzi@gmail.com,1999-12-04
3907,82084,bibliocachilo@gmail.com,2000-08-20
3908,6035,bibliotecapopulardocksud@gmail.com,1998-04-24
3909,18112,,2000-08-31
3910,6420,,1980-01-01
3911,82091,masosa@cooparrufo.com.ar,2000-08-15
3912,6644,,1980-01-01
3913,6427,,1999-02-02
3914,66084,,1980-01-01
3915,14063,,1996-06-23
3916,6274,,2000-07-02
3917,30088,bibliosansalvador@yahoo.com.ar,1976-06-22
3918,46028,,1999-11-10
3919,58035,bibliocarmen.mellado@gmail.com,1993-08-16
3920,86049,,1980-01-01
3921,6427,bptinkunaku@yahoo.com.ar,2000-06-01
3922,6351,bibliotecapopularjuan23@hotmail.com,2000-06-10
3923,82084,bpedronisoldini@yahoo.com.ar,2000-03-26
3925,6399,,2000-08-20
3926,6274,bibliotecahugodelcarril@gmail.com,1980-01-01
3927,86056,,2001-04-01
3928,6413,,1940-05-07
3929,6056,biblioteca_rosariosur@yahoo.com.ar,2000-09-16
3930,62070,bibliotecapopulardinahuapi@gmail.com,1996-05-30
3931,14140,fernandoercole@hotmail.com,1995-07-03
3932,50007,,1999-09-16
3933,74028,,1980-01-01
3934,82063,bibliotecabica@gmail.com,1976-06-15
3935,54098,popularsabato@gmail.com,2000-08-21
3936,82056,bibpcorrea@hotmail.com,1976-07-27
3938,66035,bibliotecacerrillos@yahoo.com.ar,1999-08-07
3939,6595,,1999-12-13
3940,66007,,1980-01-01
3941,62070,bibliotecapilcaniyeu@yahoo.com.ar,1980-01-01
3942,66028,,1996-09-17
3943,30056,,2000-10-24
3944,6560,,2000-09-17
3945,6791,,1995-11-17
3946,6469,,1980-01-01
3947,50035,,1980-01-01
3948,82091,biblioalas@vtcc.com.ar,2000-03-27
3949,6539,,1980-01-01
3950,6427,,1980-01-01
3951,94007,nuestra_biblioteca@hotmail.com,2001-02-15
3952,6028,bib_manuelbelgrano_glew@yahoo.com.ar,1998-05-16
3953,66028,,1999-08-27
3954,6441,casadeltango_lp@hotmail.com.ar,1980-01-01
3955,34049,jjbogarin@hotmail.com,1999-08-14
3956,6441,,1995-06-02
3957,82035,bpdomingogsilva@yahoo.com.ar,2000-07-31
3958,14084,,2001-09-09
3959,26014,bibliotecarucaraquizuam@hotmail.com.ar,1980-01-01
3960,6371,,1980-01-01
3962,46042,,2001-09-13
3964,62021,bibliofranciscomoreno@yahoo.com.ar,1986-09-11
3965,66056,,1980-01-01
3966,6638,bibliopuma@yahoo.com.ar,2002-03-29
3967,62035,,1980-01-01
3968,6651,casadelacultura2002@yahoo.com.ar,1990-04-09
3969,6658,bibliotecapopularcooperarios@yahoo.com.ar,2000-05-02
3970,54007,,2000-07-21
3971,82084,,1993-11-12
3973,66028,,1994-10-20
3974,66126,,1980-01-01
3975,86014,,1997-09-16
3976,38007,,2000-10-01
3977,82112,normagcarena@hotmail.com,2000-10-03
3978,82070,bibliotecammsjn@hotmail.com,2000-10-30
3979,6490,,1980-01-01
3980,82084,bibliotecaamaprosario@gmail.com,2000-11-14
3981,50105,labibliotecadelallave_ml@yahoo.com.ar,1998-07-20
3982,2000,,1980-01-01
3983,14133,bibliohornillos@yahoo.com.ar,1980-01-01
3984,6091,bibliotecafundaterra@yahoo.com.ar,1980-01-01
3985,38042,,1980-01-01
3986,82021,bp.mm@hotmail.com,1925-12-27
3988,70133,,1980-01-01
3989,90014,,1980-01-01
3990,14140,adriflores71@hotmail.com,1990-02-07
3991,66028,,1980-01-01
3993,50049,,1999-04-01
3994,6371,bibliorioplatense@hotmail.com,2000-08-19
3995,54014,,2000-09-18
3996,66007,,1999-09-12
3997,14140,bpmarianomoreno@yahoo.com.ar,1980-01-01
3998,70077,Bibliotecapop7@gmail.com,1980-01-01
3999,6539,info@bibliotecaguiraldes.com.ar,2000-10-20
4000,30084,,2000-02-06
4001,6028,,1999-08-28
4002,6410,bibliotecalatradicion@yahoo.com.ar,2000-04-16
4003,6560,,1980-01-01
4004,66154,,1980-01-01
4005,6805,bibliotecammoreno@hotmail.com,1980-01-01
4006,2000,,2001-12-18
4008,6490,bibliotecapopular_sanjuan@hotmail.com,2000-08-16
4009,82049,,2000-10-30
4010,6427,amigosdelatablada@yahoo.com.ar,1998-11-10
4011,82105,,2000-07-27
4012,82084,,2001-03-21
4013,30084,,1980-01-01
4014,14063,,1980-01-01
4015,82070,bibliopopularfelicia@outlook.com,2002-09-14
4016,14091,bibliotecajhernandez@tutopia.com,2000-06-01
4017,6833,biblioluzycultura@hotmail.com,1935-05-02
4018,50021,,1980-01-01
4019,14091,bibliotecahg@gmail.com,2001-06-21
4020,6840,,2001-09-11
4021,6434,,2001-07-16
4022,6056,bibpopgabmistral@yahoo.com.ar,1996-04-13
4023,62021,aliciainchauspe@bariloche.com.ar,1999-04-24
4024,6119,,2002-03-22
4025,86077,,2001-11-29
4026,14147,,1999-10-11
4027,70028,,1997-03-25
4028,14014,bpatahualpa@hotmail.com,1980-01-01
4029,82021,bibjhernandez4029@yahoo.com.ar,1980-01-01
4030,6749,,2000-10-10
4031,6749,,2001-11-16
4032,58035,,1980-01-01
4033,26021,,1980-01-01
4034,2000,bibliotecapopularpiedrabuena@gmail.com,2001-09-21
4035,66133,bipmirabal@hotmail.com,2001-07-26
4036,74021,,2001-03-18
4037,14035,bpdelcampillo@delcampillocoop.com.ar,1984-05-14
4038,82098,bibliojmigno@yahoo.com.ar,1983-11-07
4040,6560,bibliotecajauretche@yahoo.com.ar,2001-06-30
4041,6427,biblioteca308@yahoo.com.ar,1999-12-06
4042,14119,bibliorayuela@yahoo.com.ar,2001-07-16
4043,30084,biblioteca.avellaneda@gmail.com,2001-06-06
4044,82063,,1980-01-01
4045,82028,,2000-10-12
4046,78014,biblocs@hotmail.com,1999-05-29
4047,26014,bibrincon@gmail.com,2001-11-04
4048,66126,,1980-01-01
4049,50049,,1980-01-01
4050,90084,bibliosaberciudadano@hotmail.com,2001-07-19
4051,6274,bibliostomas@yahoo.com.ar,1980-01-01
4052,58035,bibliotecadenevares@yahoo.com.ar,2002-07-25
4054,30084,bpcup2001@yahoo.com.ar,2001-05-08
4055,74035,bpfourcade@yahoo.com.ar,1997-10-06
4056,66126,,1980-01-01
4057,86049,biblioteca_marmol@hotmail.com,1936-08-16
4058,70084,,1980-01-01
4059,86049,,2000-08-16
4060,82049,bibliovillaana_1994@hotmail.com,1980-01-01
4061,6756,,1982-05-23
4062,66077,,1980-01-01
4063,70091,,2001-07-12
4064,70077,,1991-09-23
4065,6245,anamzanoni@yahoo.com.ar,1980-01-01
4066,6441,bibliotecatupacamaru@yahoo.com.ar,1999-10-12
4067,86049,,2001-06-22
4068,82112,bibliolacriolla@gcrespo.com.ar,2002-12-18
4069,6399,bparditirocha@hotmail.com,2000-11-27
4070,82056,giaconecarlos@yahoo.com.ar,2002-06-15
4071,6371,,1980-01-01
4072,74056,,1980-01-01
4073,6371,bibliomurillo@yahoo.com.ar,1980-01-01
4074,82028,,1998-08-31
4075,6091,bibliotecapopularjmgutierrez@hotmail.com,2002-09-21
4076,6357,,1980-01-01
4077,18077,,2002-05-08
4078,30088,serprotagonistas@gmail.com,2003-08-21
4079,54091,bibleer@yahoo.com.ar,2002-03-13
4080,42105,bibliotecarosales@hotmail.com,2003-01-06
4082,82084,bpgastongori@hotmail.com,2002-11-30
4083,66077,bibliotecaelmolino4083@yahoo.com.ar,2002-12-14
4084,70098,,1980-01-01
4085,50028,,2001-07-07
4086,6035,,2002-06-02
4087,62042,,2000-03-10
4088,18119,bpramonbarboza@hotmail.com,2002-03-01
4089,86035,mishquila8@hotmail.com,1980-01-01
4090,46119,,1980-01-01
4091,86035,,2001-06-16
4092,66028,,2003-05-30
4093,70077,alfonsinastorni.rawsonsj@gmail.com,1980-01-01
4094,70028,,1980-01-01
4095,50126,bibliotecapopulartupungato@gmail.com,2003-03-03
4097,14098,bpscoronel@yahoo.com.ar,1980-01-01
4098,38021,,2002-05-08
4099,50105,,1980-01-01
4100,50105,,1980-01-01
4101,14147,bibliotecaarnalponti@yahoo.com.ar,1980-01-01
4102,50105,,2004-05-17
4103,50021,,2002-04-16
4104,18028,bibliopopfm@hotmail.com,2004-06-15
4105,22014,bibliotecalaleonesa@yahoo.com.ar,2004-03-09
4106,6560,,1958-06-20
4107,86056,,2003-12-12
4108,66028,,2004-02-03
4109,66056,bibliotecaamparofdemaidana@yahoo.com.ar,1980-01-01
4110,18084,bpcgs4110@hotmail.com,
4111,30084,,1980-01-01
4112,66028,,2002-08-16
4113,58035,bgsmartin@hotmail.com,2001-12-13
4114,82084,,2002-10-18
4115,6490,bibjuliocortazar@yahoo.com.ar,2002-12-06
4116,6763,bibdelcarmen709@gmail.com,2000-07-07
4117,6434,,1999-04-30
4118,14133,,2000-09-12
4119,6294,,2003-10-23
4120,6819,bpmacedonio@gmail.com,2001-08-06
4121,6490,bibliotecapopulardelaciudad@gmail.com,2003-01-25
4122,6357,,1996-09-21
4123,58035,,2002-07-24
4124,42021,biblioteca_emorisoli@hotmail.com,1980-01-01
4125,6420,bib-arocha@educar,1980-01-01
4126,14098,bibliomanuelamedina@yahoo.com.ar,1980-01-01
4127,6714,renacer465adulce@hotmail.com.ar,1980-01-01
4128,54084,,1980-01-01
4129,6861,bibliotecapopulararandu@hotmail.com,1980-01-01
4130,62007,,1980-01-01
4131,66007,,1980-01-01
4132,6791,,1980-01-01
4134,6560,bibliotecasanjoseobrero@gmail.com,1980-01-01
4135,6434,bibliotecapopularmontechingolo@gmail.com,1980-01-01
4136,6035,bibliotecabravo@yahoo.com.ar,1980-01-01
4137,6056,simonrodriguezbiblioteca@gmail.com,1980-01-01
4138,50063,,1980-01-01
4139,6560,,2000-09-15
4140,6441,bibliopcarlosbormida@yahoo.com.ar,2001-11-04
4141,70098,,1980-01-01
4142,6112,bpjiwarnes@yahoo.com.ar,1980-01-01
4143,26077,biblioteca_simon@hotmail.com,1980-01-01
4144,50098,bibloaltoverde@yahoo.com.ar,1980-01-01
4145,14140,biblioalicia16@yahoo.com.ar,1980-01-01
4146,30098,bibliojherrera@yahoo.com.ar,1980-01-01
4147,82084,,1980-01-01
4148,62056,bibliotecanorquinco@gmail.com,1980-01-01
4149,62042,bibliopopluciaepullan@yahoo.com.ar,1980-01-01
4150,94007,bplmp@hotmail.com,1980-01-01
4151,6515,,1980-01-01
4152,58035,,1980-01-01
4153,62042,bibliorivera@yahoo.com.ar,1980-01-01
4154,82049,bp15dejunio@yahoo.com.ar,1980-01-01
4155,6056,biblioduprat@gmail.com,1980-01-01
4156,6658,bibliotecajmvilaseca@gmail.com,1980-01-01
4157,82098,compartir-08@hotmail.com,1980-01-01
4158,90119,bibliolaranda@yahoo.com.ar,1980-01-01
4159,50063,bibliolascompuertas@gmail.com,1980-01-01
4160,58021,bibliotecaquintu@yahoo.com.ar,1980-01-01
4161,26014,,1980-01-01
4162,58035,Biblioteca.popular.huilliches@gmail.com,2004-04-12
4163,38084,,1980-01-01
4164,30098,,1980-01-01
4165,18021,coembapora@yahoo.com.ar,1980-01-01
4166,6119,gallardosandra@hotmail.com,1980-01-01
4167,82049,bibjuliomigno@hotmail.com,1980-01-01
4168,66028,,1980-01-01
4169,6091,ranelaghbibliocampo@yahoo.com.ar,1980-01-01
4170,6274,bibliotecaflorenciosanchez@yahoo.com.ar,1980-01-01
4171,6441,ongenlazandopalabras@hotmail.com,1980-01-01
4172,38035,,1980-01-01
4173,50098,bibliotecarojasmza@hotmail.com,1980-01-01
4174,82014,bibpopmarianomoreno@yahoo.com.ar,2004-09-24
4175,6371,biblosnuevoser@hotmail.com,1980-01-01
4176,6595,,1980-01-01
4177,6399,bpaliciatmorales_garre@yahoo.com.ar,1980-01-01
4178,6371,humbertobielli@hotmail.com,1980-01-01
4180,26007,,1980-01-01
4181,62021,biblioborges@hotmail.com,1980-01-01
4182,6427,bibliotecapopularrotaria@yahoo.com.ar,1980-01-01
4183,50070,,1980-01-01
4186,74056,biblioteborges@hotmail.com,1980-01-01
4187,46014,bibliociudadnar@hotmail.com,1980-01-01
4188,6756,bpcavajoven@yahoo.com.ar,1980-01-01
4189,30015,,1980-01-01
4190,86063,,1980-01-01
4191,82084,nogaralito@hotmail.com,1980-01-01
4192,6035,bsfsarmiento1925@yahoo.com.ar,1980-01-01
4193,6840,bibpopsanmartin@gmail.com,1946-03-20
4194,66140,,1980-01-01
4195,6868,,1980-01-01
4196,6490,bipopu_argentinos07@yahoo.com.ar,1980-01-01
4197,2000,bpflacroze@gmail.com,1980-01-01
4198,82133,bibliotecaangelmedina@hotmail.com,1980-01-01
4199,6539,,1980-01-01
4200,86049,bp.canal-feijot-sgo@hotmail.es,1980-01-01
4201,62035,,1980-01-01
4202,18028,bpcbobsin@hotmail.com,1980-01-01
4203,14021,bibliotecaragonking@yahoo.com.ar,1980-01-01
4205,6672,bibliotecaevaperon.rauch@yahoo.com.ar,2001-02-20
4206,82070,bibliotecagunziger@hotmail.com,1980-01-01
4207,2000,carlossanchezviamonte@yahoo.com.ar,1980-01-01
4208,58042,,1980-01-01
4209,86049,,2008-04-21
4210,6861,bpsudestada@yahoo.com.ar,2008-04-21
4211,54014,,1980-01-01
4212,6760,bpelfaro@gmail.com,1980-01-01
4213,14133,bibliotecapopularvilladelasrosas@yahoo.com.ar,1980-01-01
4214,54105,,1980-01-01
4215,74035,graciela.elisa.alcaraz@gmail.com,2007-11-15
4216,6805,bibliotroncos@yahoo.com.ar,2003-08-02
4217,70077,bibliotecapopularsur@hotmail.es,2008-04-16
4218,14182,m10ruben@hotmail.com,1980-01-01
4219,6505,bpegirardengo@gmail.com,2008-04-07
4220,82084,bibliotecajuliomigno@hotmail.com,2007-12-06
4221,6833,bibliotecalatranquera@hotmail.com,1980-01-01
4222,6651,bibliotecapopularsur@yahoo.com.ar,1988-01-08
4223,82126,bpalejandria@outlook.com,2008-04-16
4224,18112,,1980-01-01
4225,86049,,1980-01-01
4226,82070,bibliotecapopularmed@hotmail.com,2003-07-28
4227,82077,,1980-01-01
4228,6427,biblioteca_alma@hotmail.com,1980-01-01
4229,58098,,2000-05-08
4230,6791,,1980-01-01
4231,82133,,2007-11-16
4232,14140,,1980-01-01
4233,82133,,2008-04-25
4234,82070,comunasape@yahoo.com.ar,2006-09-01
4235,62007,bibliotecapabloneruda@live.com.ar,2004-04-09
4236,34021,,1999-08-23
4237,58035,bibliotecapopularsalomon@hotmail.com,2003-03-01
4238,14098,,2003-08-17
4239,30008,bibliotecaarroyobaru@hotmail.com,1997-11-27
4240,30056,teresamajul@hotmail.com,2000-11-10
4241,6518,bibliotecadepiran@yahoo.com.ar,1977-10-05
4242,6274,bpdemuro@live.com.ar,2004-05-18
4243,14014,bibliotecacortazarcba@yahoo.com.ar,1980-01-01
4244,14105,biblio_alejocg@hotmail.com,2006-02-10
4245,14014,bibpopmsaleme@yahoo.com.ar,2005-05-26
4246,50091,biblioteca_pedro_azin@hotmail.com,2005-06-15
4247,54112,bibliopopu.sanpedro@gmail.com,2004-05-11
4249,26035,bibliotecatolkeyen@yahoo.com.ar,2007-05-15
4250,6638,marianoadot6@yahoo.com.ar,2007-05-15
4251,42021,bibliotecapopularteresaperez@gmail.com,2009-04-04
4252,2000,tesis11@tesis11.org.ar,2004-03-08
4253,86091,bpmarianomorenoph@gmail.com,2009-06-11
4254,58035,biblioteca15dejunio@hotmail.com,2002-06-12
4255,50049,noemi84@live.com.ar,2008-11-01
4256,6056,bibliotecamartinallica@yahoo.com.ar,2006-04-24
4257,82084,,2006-08-30
4258,54028,bpsurargentino@yahoo.com,2001-10-13
4259,26007,bibliotecachubutparatodos@hotmail.com,2008-01-15
4260,6028,neanvi@yahoo.com.ar,2007-11-16
4261,62042,bibliotecapopjuliocortazar@hotmail.com,2004-05-01
4262,6515,,2007-06-02
4263,70077,,2009-03-02
4264,18070,,2007-06-30
4265,6035,bibliotecapopularoscarsmith@yahoo.com,2008-07-09
4266,2000,bplamemoria@gmail.com,2005-12-22
4267,38021,,2000-10-14
4268,2000,bibliopopuche@hotmail.com.ar,2010-03-01
4269,58035,,2003-10-24
4270,42021,bibliomiguelgomez@gmail.com,2009-09-01
4271,50070,bibliotecagutierrez@gmail.com,1998-01-05
4272,10084,,2007-11-16
4273,58056,,2006-01-23
4274,6560,biblioparlantesur@hotmail.com,1999-12-02
4275,38021,,2004-07-27
4276,82063,,2006-09-23
4277,14021,bibliocawana@gmail.com,2009-01-16
4278,50105,,2009-03-17
4279,70028,bpmariowvictorio@gmail.com,2003-09-14
4280,6385,,2011-05-12
4281,38084,,1996-04-21
4282,82105,bpcdiaz@hotmail.com,2011-05-10
4283,14091,,2010-05-14
4284,70084,,2007-11-05
4285,14091,,2009-07-20
4286,14014,bibliotecapopularlibertad@yahoo.com.ar,2007-10-08
4287,42056,,2000-05-15
4288,6441,delotroladodelarbol@hotmail.com,2011-02-01
4289,6147,biblioellibroalegre@hotmail.com.ar,2009-02-28
4290,14021,bping.dumesnil@hotmail.com,2010-08-17
4291,82021,bibliombrasca@hotmail.com,2010-12-01
4292,6805,comunitariocaraguata@yahoo.com.ar,2008-03-27
4293,50112,bibliotecacirot@gmail.com,2002-06-15
4294,14133,bibliotecapopulardeluyaba@yahoo.com.ar,2010-11-02
4295,2000,bibliotecapopularmanuelugarte@gmail.com,2009-02-26
4296,58035,bibliopopespaciodelibertad@yahoo.com.ar,1980-01-01
4297,30084,,2006-11-02
4298,82070,bibliotecapopularnuevotorino@gmail.com,2010-04-23
4299,6427,bibliotecamflara@hotmail.com,1976-09-04
4300,42007,bpjoaquinanchorena@gmail.com,2005-07-20
4301,82063,bibliotecapopularosvaldobayer@yahoo.com.ar,2010-02-12
4302,82063,bibliotecapopularsantafesina@hotmail.com,2009-03-02
4303,90070,,2012-03-21
4304,78028,biblioculturaelchalten@yahoo.com.ar,1988-03-05
4305,58091,bibpopjfernandez@hotmail.com,2005-03-10
4306,26014,bpelblanco@hotmail.com,2011-04-30
4307,18021,bibliotecaescritorescorrentinos@hotmail.com,1996-04-02
4308,82063,juglaressinfrontera@gmail.com,2010-06-24
4309,14014,bibliopopmadretc@yahoo.com.ar,2007-12-11
4310,50007,bplibrosabiertosmza@gmail.com,2008-06-30
4311,6658,delriobiblioteca@yahoo.com.ar,2011-12-07
4312,14021,bpjlborgeslapuerta@hotmail.com,2006-11-29
4313,22140,bibliotecamalvinas@hotmail.com,1981-08-10
4314,50028,,2011-05-18
4315,50063,bibliocarrodilla@live.com.ar,1996-03-29
4316,82021,bib-alfonsinastorni.cbicha@hotmail.com,2013-03-20
4317,66028,bibliotecamariemadeleine@gmail.com,2008-04-05
4318,2000,,2010-03-26
4319,6805,,2008-07-05
4320,90028,,2012-04-25
4321,82091,,2012-10-16
4322,14014,bpbinaudi@gmail.com,2010-09-06
4323,86028,,2012-06-13
4324,26056,,2008-06-11
4325,50063,biblio_benitojuarez@yahoo.com.ar,1991-11-20
4326,26007,,1994-06-23
4327,70077,,1981-08-22
4328,86161,bibliotecaelalgarrobal@gmail.com,2012-10-12
4329,54021,,2012-09-10
4330,82063,biblioamilcarrenna@gmail.com,2013-06-15
4331,26021,hola@labibliotecadeastra.com,2007-10-28
4332,62007,,1990-03-23
4333,90084,bpob.osvaldobayer@gmail.com,2011-11-08
4334,6182,bibliomercedesdesanmartin@gmail.com,2002-07-19
4335,62042,,1997-11-27
4336,6560,bibliotkalmafuerte@gmail.com,2008-06-20
4337,82021,bibliotecareinaudi@hotmail.com,2010-06-24
4338,6427,bibliotecapopularimagen121@gmail.com,2003-02-21
4339,26007,bibliotecaraulalfonsinmadryn@hotmail.com,2011-02-14
4340,6497,lecturaenck@gmail.com,2001-03-02
4341,2000,biblio.26dejulio@gmail.com,2010-10-01
4342,66028,biblioteca.rosaparks@hotmail.com,2012-02-04
4343,14140,,2001-09-01
4344,6638,biblioteca.palabrasdelalma@gmail.com,2008-05-18
4345,42021,bpmalvinasargentinas@gmail.com,2014-09-23
4346,14007,bibliotecapopularlosreartes@gmail.com,2011-08-20
4347,14007,,2013-10-30
4348,6833,bibliotecahdelgiorgio@gmail.com,2006-07-08
4349,6357,,2014-11-10
4350,30084,,2001-08-24
4351,14014,bibliotecacasadelpueblo@gmail.com,2012-05-05
4352,6805,bpseamoslibres@yahoo.com,2014-10-07
4353,82112,videlac.cultural@gmail.com,2006-07-11
4354,70112,bibliotecaullum@gmail.com,2009-10-05
4355,30028,bipo_sabe@outlook.com,2007-11-09
4356,82105,bibliotecap_loslibrosyelrio@outlook.com.ar,2014-06-17
4357,6270,bibliotecaeltrebol@gmail.com,1993-11-06
4358,86049,bibliotecashun.16@gmail.com,2003-11-21
4359,30098,bibliotecapopularsanjusto@hotmail.com,2000-12-27
4360,82049,bibliotecafortinarenales@outlook.es,2013-09-17
4361,82077,,2014-10-01
4362,14147,bplaurdimbre@gmail.com,2016-05-27
4363,54063,,2015-07-15
4364,70021,,2012-07-28
4365,82021,bp_arcoiris_bi@yahoo.com.ar,2001-09-24
4366,6638,bibliotecamanzanares@hotmail.com,2001-09-05
4367,6791,biblioviejaescuela@gmail.com,2011-09-24
4368,6420,bibliotecasobral@yahoo.com.ar,2005-07-23
4369,74049,bibliotecapopular.elfaro@gmail.com,2017-02-18
4370,46014,,2003-10-11
4371,6595,,2010-09-24
4372,70042,,2018-01-10
4373,62021,labiblio.bibliotecaries@gmail.com,2007-05-01
4374,62077,bibliotecapuertodeleste@outlook.com,2006-10-24
4375,66028,,1998-08-29
4376,6441,lagrietaylachicharra@gmail.com,2007-10-01
4377,82070,,2008-02-18
4378,30021,bibliotecaestacionpuiggari@gmail.com,2018-03-16
4379,82070,bibpop.angelaperaltapino@hotmail.com,2018-11-08
4380,18070,,2015-11-09
4381,82070,josehernandezbibliotecapopular@gmail.com,2018-06-11
4382,50028,,2009-03-27
4383,14021,sayanacentroculturaleltalar@hotmail.com,2009-04-01
4384,6595,delotroladodelarbolenolavarria@gmail.com,2021-08-23
4385,66084,barriolamadrid326@gmail.com,2022-04-01
4386,90084,patriagrandebp@gmail.com,2022-03-04
4387,54028,,1980-01-01
4388,30098,bibliotecapestacion@hotmail.com,2021-08-23
4389,6413,piosoberanobibliotecapopular@gmail.com,2022-03-11
4390,70042,,2022-07-13
4391,82063,,2022-06-21
4392,14147,bpgarabatos@gmail.com,2022-07-19
4393,6371,,2022-07-19
4394,54021,bibliotecapopularelurunday@gmail.com,2021-08-23
4395,14126,bibliotecaelmanantialcb@gmail.com,2011-07-08
4396,30035,bernardi.bibliotecapopular@gmail.com,1940-05-13
4397,82091,cr19.biblioteca@gmail.com,2022-08-23
4398,14035,bibliotecavillavaleria@gmail.com,2022-03-21
