Provincia,Departamento,Cant_EE,Cant_BP,Poblacion
Ciudad de Buenos Aires,CIUDAD AUTÓNOMA DE BUENOS AIRES,2286,43,8838708
Córdoba,CAPITAL,1151,20,4212203
Buenos Aires,LA MATANZA,1004,16,5104420
Santa Fe,ROSARIO,958,39,3765639
Buenos Aires,LA PLATA,646,33,2122898
Entre Ríos,PARANA,601,11,1091165
Buenos Aires,LOMAS DE ZAMORA,540,12,1914708
Buenos Aires,GENERAL PUEYRREDON,519,6,1861412
Santa Fe,LA CAPITAL,503,23,1593281
Salta,CAPITAL,469,27,1740710
Tucumán,CAPITAL,468,10,1650927
Buenos Aires,QUILMES,456,9,1764356
Buenos Aires,ALMIRANTE BROWN,423,11,1623487
Río Negro,GENERAL ROCA,421,29,1059941
Córdoba,SAN JUSTO,416,20,641211
Chaco,SAN FERNANDO,411,31,1158987
Neuquén,CONFLUENCIA,398,40,1306977
Chaco,GENERAL GUEMES,393,1,188236
Buenos Aires,MORENO,392,16,1590558
Córdoba,RIO CUARTO,372,16,780843
Misiones,CAPITAL,362,7,1089338
Buenos Aires,MERLO,353,4,1613193
Santiago del Estero,CAPITAL,350,26,918864
Buenos Aires,LANUS,348,13,1295882
Santa Fe,GENERAL OBLIGADO,343,14,551107
Mendoza,SAN RAFAEL,342,14,594898
Buenos Aires,TIGRE,341,13,1241511
Buenos Aires,PILAR,325,6,1089370
Misiones,GUARANI,315,2,210956
San Luis,GENERAL JUAN MARTIN DE PUEYRREDON,311,10,726331
Santa Fe,CASTELLANOS,308,21,530362
Formosa,PATIÑO,307,2,224460
Corrientes,CAPITAL,304,15,1223771
Buenos Aires,FLORENCIO VARELA,299,10,1347428
Buenos Aires,GENERAL SAN MARTIN,292,14,1249336
Buenos Aires,BERAZATEGUI,291,6,998055
Santiago del Estero,BANDA,290,13,472493
Buenos Aires,AVELLANEDA,285,15,1028793
Misiones,OBERA,276,3,333429
Buenos Aires,MORON,276,2,933187
Buenos Aires,TRES DE FEBRERO,274,9,1023171
Buenos Aires,SAN MIGUEL,274,4,915262
Buenos Aires,BAHIA BLANCA,273,15,940825
Buenos Aires,SAN ISIDRO,273,7,836559
Córdoba,COLON,268,11,819101
Santa Fe,SAN CRISTOBAL,266,11,202515
Formosa,FORMOSA,264,8,748571
Entre Ríos,GUALEGUAYCHU,263,8,350100
Jujuy,DOCTOR MANUEL BELGRANO,263,7,892263
Santa Fe,GENERAL LOPEZ,259,21,563076
Salta,GENERAL JOSE DE SAN MARTIN,258,5,486018
Entre Ríos,CONCORDIA,251,5,548139
Buenos Aires,VICENTE LOPEZ,249,6,797701
Santa Fe,LAS COLONIAS,247,18,322261
Mendoza,GUAYMALLEN,245,5,895819
Buenos Aires,MALVINAS ARGENTINAS,244,5,972925
Misiones,CAINGUAS,244,3,164097
Buenos Aires,ESCOBAR,238,2,710516
Entre Ríos,URUGUAY,233,6,323016
Formosa,PIRANE,233,3,200323
Córdoba,UNION,220,7,318556
La Rioja,CAPITAL,218,6,587695
Tucumán,CRUZ ALTA,217,4,629807
Buenos Aires,ESTEBAN ECHEVERRIA,214,3,938287
Salta,RIVADAVIA,214,1,102830
Córdoba,PUNILLA,213,12,615541
Entre Ríos,LA PAZ,212,3,209209
Corrientes,GOYA,210,3,294920
Santa Fe,VERA,209,8,154307
Misiones,GENERAL MANUEL BELGRANO,200,2,124281
Entre Ríos,VILLAGUAY,198,3,154149
Mendoza,CAPITAL,196,3,350188
Río Negro,BARILOCHE,194,9,453129
San Luis,GENERAL PEDERNERA,192,10,413450
Misiones,IGUAZU,190,3,274295
Córdoba,GENERAL SAN MARTIN,189,8,426773
Misiones,SAN IGNACIO,189,2,174196
Mendoza,MAIPU,188,3,608691
Chaco,LIBERTADOR GENERAL SAN MARTIN,186,6,180603
Entre Ríos,NOGOYA,185,4,120170
Mendoza,GODOY CRUZ,185,3,547132
Tucumán,LEALES,185,3,184448
Córdoba,MARCOS JUAREZ,183,11,302131
Chubut,ESCALANTE,182,7,599025
Córdoba,RIO SEGUNDO,178,7,317455
Santiago del Estero,RIO HONDO,178,4,184486
Buenos Aires,JOSE C. PAZ,178,0,903251
Buenos Aires,OLAVARRIA,176,11,341452
Formosa,PILCOMAYO,176,8,261012
Córdoba,SANTA MARIA,175,8,387061
Córdoba,CRUZ DEL EJE,174,1,180296
Entre Ríos,FEDERACION,171,4,218104
San Juan,CAPITAL,170,16,324680
Córdoba,TERCERO ARRIBA,170,6,337346
Mendoza,SAN MARTIN,169,4,387699
Mendoza,LAS HERAS,167,6,648840
Buenos Aires,TANDIL,166,14,406427
Buenos Aires,SAN FERNANDO,166,7,479936
Misiones,LEANDRO N. ALEM,165,1,137212
Córdoba,RIO PRIMERO,164,3,162242
Salta,ORAN,163,4,438352
Misiones,SAN PEDRO,160,1,94182
Chubut,RAWSON,158,14,404192
Buenos Aires,SAN NICOLAS,158,2,466901
Santiago del Estero,PELLEGRINI,156,0,72008
Misiones,ELDORADO,155,1,251664
Córdoba,CALAMUCHITA,154,6,210808
Misiones,LIBERTADOR GRL SAN MARTIN,153,2,144046
Santa Fe,SAN LORENZO,152,7,540819
Chaco,COMANDANTE FERNANDEZ,152,2,280360
Tucumán,BURRUYACU,152,0,125401
Buenos Aires,PERGAMINO,149,4,322311
Santiago del Estero,FIGUEROA,146,0,55464
Tucumán,TAFI VIEJO,145,4,479058
Mendoza,LUJAN DE CUYO,144,6,477364
Buenos Aires,EZEIZA,144,2,549156
Santa Fe,9 DE JULIO,143,3,85905
Buenos Aires,HURLINGHAM,143,2,520466
Misiones,25 DE MAYO,143,2,85057
Santa Fe,SAN JERONIMO,142,8,237150
Catamarca,CAPITAL,142,4,521722
Buenos Aires,ITUZAINGO,141,1,500253
Buenos Aires,LUJAN,139,5,307604
La Pampa,CAPITAL,137,8,331683
Santiago del Estero,MORENO,137,0,110243
Entre Ríos,DIAMANTE,133,3,147316
Tucumán,SIMOCA,132,0,102820
Santiago del Estero,COPO,131,2,97626
Entre Ríos,COLON,130,6,209767
Salta,ANTA,130,5,191296
Buenos Aires,NECOCHEA,129,5,284557
Catamarca,BELEN,129,5,84196
Buenos Aires,ZARATE,127,1,365514
Formosa,BERMEJO,127,0,42565
Santiago del Estero,LORETO,126,1,66529
Entre Ríos,GUALEGUAY,125,2,158742
Mendoza,LAVALLE,124,3,129565
Buenos Aires,CAMPANA,124,1,300495
Entre Ríos,VICTORIA,124,0,113015
Buenos Aires,JUNIN,123,8,283731
Santa Cruz,GUER AIKE,122,8,381804
Santa Fe,SAN MARTIN,121,12,188892
Córdoba,JUAREZ CELMAN,121,3,191152
Jujuy,EL CARMEN,120,4,338202
Buenos Aires,AZUL,120,3,210171
Córdoba,SAN ALBERTO,120,2,117463
Córdoba,SAN JAVIER,119,5,175219
Entre Ríos,FEDERAL,119,2,82197
Santiago del Estero,CHOYA,117,2,121280
Corrientes,ESQUINA,117,1,108439
Corrientes,SANTO TOME,116,2,198587
Tucumán,CHICLIGASTA,116,1,257228
Santa Fe,CONSTITUCION,115,17,261129
Chaco,ALMIRANTE BROWN,115,0,103689
Santa Fe,IRIONDO,114,12,206951
Santiago del Estero,ALBERDI,114,1,55089
Santa Cruz,DESEADO,113,7,349174
Jujuy,SAN PEDRO,113,6,245426
Buenos Aires,MERCEDES,113,1,198371
Mendoza,GENERAL ALVEAR,111,4,146031
Santa Fe,SAN JUSTO,109,6,130052
Santiago del Estero,ROBLES,109,4,148482
Formosa,RAMON LISTA,109,0,47217
Santiago del Estero,AVELLANEDA,108,3,69628
San Juan,RAWSON,107,8,378735
Chaco,MAYOR LUIS J FONTANA,105,3,165922
Santiago del Estero,GENERAL TABOADA,105,3,127476
Buenos Aires,TRENQUE LAUQUEN,105,2,137616
Buenos Aires,CHIVILCOY,105,1,198002
Corrientes,CURUZU CUATIA,104,2,142988
Buenos Aires,25 DE MAYO,104,1,99262
Buenos Aires,GENERAL RODRIGUEZ,104,1,390277
Tucumán,MONTEROS,103,5,215217
Entre Ríos,TALA,102,2,86709
Chaco,QUITILIPI,101,3,89932
San Luis,AYACUCHO,100,3,65718
Santa Fe,CASEROS,99,10,243381
Buenos Aires,CAÑUELAS,99,2,194591
Buenos Aires,TRES ARROYOS,98,10,173883
Buenos Aires,SAN PEDRO,98,2,189663
Catamarca,LA PAZ,98,2,73033
Santiago del Estero,JIMENEZ,96,1,51435
Río Negro,ADOLFO ALSINA,95,5,178365
Buenos Aires,9 DE JULIO,93,2,146269
Santiago del Estero,JUAN F IBARRA,93,1,56112
Chaco,MAIPU,93,0,72818
San Luis,JUNIN,92,7,112639
Buenos Aires,CORONEL SUAREZ,92,3,117184
Buenos Aires,LINCOLN,91,7,126819
San Juan,JACHAL,91,1,70628
Tucumán,YERBA BUENA,91,1,285871
Corrientes,LAVALLE,90,1,111289
Corrientes,MERCEDES,89,5,138619
Buenos Aires,CHACABUCO,89,2,147072
Buenos Aires,BALCARCE,89,1,136210
Tucumán,LULES,89,0,257747
Mendoza,SAN CARLOS,88,5,110129
Catamarca,SANTA MARIA,88,2,74849
Tucumán,RIO CHICO,88,2,180558
Catamarca,TINOGASTA,88,1,70294
San Juan,RIVADAVIA,87,8,282700
Misiones,MONTECARLO,87,4,106289
Córdoba,ISCHILIN,87,2,100051
Misiones,APOSTOLES,87,1,139273
Santiago del Estero,SALAVINA,87,0,34925
Mendoza,RIVADAVIA,86,2,177048
Salta,SANTA VICTORIA,86,1,25579
Chubut,FUTALEUFU,85,2,139537
Corrientes,BELLA VISTA,85,1,123160
Mendoza,TUNUYAN,84,3,165930
Buenos Aires,SAN VICENTE,84,2,268803
Jujuy,HUMAHUACA,84,2,57373
Corrientes,SAN LUIS DEL PALMAR,84,1,59622
Chubut,BIEDMA,83,7,285767
La Rioja,CHILECITO,83,3,162603
Santa Fe,SAN JAVIER,83,3,92525
Santiago del Estero,OJO DE AGUA,83,2,41677
Buenos Aires,BOLIVAR,82,4,104519
Buenos Aires,PEHUAJO,82,4,124671
Santiago del Estero,QUEBRACHOS,82,1,34099
Santiago del Estero,SAN MARTIN,82,0,30467
Corrientes,MONTE CASEROS,81,7,126886
Tierra del Fuego,RIO GRANDE,81,7,
Jujuy,YAVI,81,2,71448
Tierra del Fuego,USHUAIA,81,2,
Buenos Aires,CHASCOMUS,81,0,117374
Chaco,9 DE JULIO,80,4,84044
Córdoba,PRESIDENTE ROQUE SAENZ PEÑA,80,3,104997
Mendoza,JUNIN,80,3,129798
Formosa,PILAGAS,80,0,52619
La Rioja,ROSARIO VERA PEÑALOZA,80,0,43776
Buenos Aires,BERISSO,79,7,280554
Buenos Aires,GENERAL VILLEGAS,79,5,97731
Buenos Aires,LOBOS,79,4,115551
Corrientes,PASO DE LOS LIBRES,79,3,156478
Jujuy,LEDESMA,78,4,261380
Misiones,SAN JAVIER,78,2,63476
Buenos Aires,SALADILLO,78,1,99145
Salta,ROSARIO DE LERMA,78,1,141071
Tucumán,GRANEROS,78,1,43124
Córdoba,TULUMBA,77,1,39560
Corrientes,ITUZAINGO,76,1,107350
La Pampa,MARACO,75,6,193234
Buenos Aires,LA COSTA,74,6,279764
Córdoba,GENERAL ROCA,74,5,101026
Buenos Aires,BARADERO,74,3,109479
Corrientes,GENERAL PAZ,74,3,47496
Buenos Aires,SAN ANDRES DE GILES,73,1,73583
Córdoba,RIO SECO,73,1,42316
Chubut,CUSHAMEN,72,7,78371
Chaco,25 DE MAYO,72,1,89487
San Luis,LIBERTADOR GRL SAN MARTIN,72,1,13184
Chaco,CHACABUCO,71,3,96171
Salta,ROSARIO DE LA FRONTERA,71,2,93802
Corrientes,EMPEDRADO,71,1,50008
Córdoba,TOTORAL,71,0,62532
Chaco,BERMEJO,70,3,77956
Jujuy,COCHINOCA,70,3,41210
San Luis,BELGRANO,70,2,15529
Chaco,O HIGGINS,70,1,59039
Buenos Aires,VILLARINO,69,4,90691
Buenos Aires,AYACUCHO,69,1,60679
San Juan,CAUCETE,69,1,121386
San Juan,SARMIENTO,69,1,74407
Tucumán,TRANCAS,69,1,64982
Buenos Aires,CORONEL DE MARINA L ROSALES,68,4,183692
Misiones,CANDELARIA,68,4,95919
Salta,GENERAL GUEMES,67,3,154795
Corrientes,CONCEPCION,67,2,71944
Salta,METAN,67,2,133901
San Juan,POCITO,67,1,199647
Entre Ríos,FELICIANO,67,0,46397
Río Negro,AVELLANEDA,66,6,114414
San Luis,CHACABUCO,66,6,74212
Neuquén,ZAPALA,66,2,126607
San Juan,CHIMBAS,66,2,286353
Buenos Aires,MARCOS PAZ,66,1,178658
Buenos Aires,PATAGONES,66,1,104900
Santiago del Estero,ATAMISQUI,66,1,40634
Catamarca,CAPAYAN,65,4,54126
Buenos Aires,LAS FLORES,65,1,76094
San Luis,CORONEL PRINGLES,64,4,44781
Corrientes,SALADAS,64,1,80678
Buenos Aires,GENERAL ALVARADO,63,2,126845
Chaco,12 DE OCTUBRE,63,1,64363
Buenos Aires,LOBERIA,62,2,50815
Mendoza,SANTA ROSA,62,2,53731
Tucumán,FAMAILLA,62,2,117911
Mendoza,MALARGUE,62,1,90017
Buenos Aires,NAVARRO,61,2,55241
Corrientes,SAN ROQUE,61,2,62964
Formosa,LAISHI,61,2,53099
San Juan,25 DE MAYO,61,0,56869
Buenos Aires,PRESIDENTE PERON,60,0,279776
La Rioja,GENERAL JUAN F QUIROGA,60,0,11216
Santa Fe,BELGRANO,59,6,136436
Buenos Aires,BRANDSEN,59,3,89543
Jujuy,PALPALA,58,4,182384
San Juan,VALLE FERTIL,58,2,23511
Buenos Aires,MAGDALENA,58,1,62931
Buenos Aires,MAR CHIQUITA,58,1,92253
Catamarca,ANDALGALA,58,1,54547
Mendoza,TUPUNGATO,58,1,113338
Tucumán,TAFI DEL VALLE,57,2,62405
Entre Ríos,ISLAS DEL IBICUY,57,1,38671
Buenos Aires,BRAGADO,56,4,129671
Buenos Aires,CARLOS CASARES,55,3,64114
Buenos Aires,SALTO,55,2,109572
La Rioja,CHAMICAL,55,1,43829
Buenos Aires,SAN ANTONIO DE ARECO,54,2,74643
Buenos Aires,CORONEL PRINGLES,54,1,67373
Buenos Aires,EXALTACION DE LA CRUZ,54,0,111328
Catamarca,SANTA ROSA,53,3,37114
Buenos Aires,ADOLFO ALSINA,53,2,48898
Buenos Aires,GENERAL JUAN MADARIAGA,53,1,62686
Córdoba,MINAS,53,0,13612
Santiago del Estero,GUASAYAN,53,0,25717
Buenos Aires,ENSENADA,52,5,177498
Neuquén,LACAR,52,4,110423
Chaco,SAN LORENZO,52,1,44322
Tucumán,JUAN B ALBERDI,52,1,96649
La Rioja,GENERAL SAN MARTIN,52,0,13858
Chaco,SARGENTO CABRAL,51,3,51890
La Rioja,GENERAL BELGRANO,51,2,21333
Corrientes,SAN COSME,51,1,55138
Córdoba,POCHO,51,0,14267
Formosa,MATACOS,51,0,46488
La Rioja,GENERAL OCAMPO,51,0,20580
Catamarca,EL ALTO,50,1,12123
Catamarca,VALLE VIEJO,49,4,94645
Buenos Aires,RAUCH,49,2,46193
Salta,CERRILLOS,49,2,153013
Santa Fe,GARAY,49,2,69401
Buenos Aires,ARRECIFES,49,1,89728
Buenos Aires,ROJAS,49,1,71771
Buenos Aires,DAIREAUX,49,0,51170
Chaco,INDEPENDENCIA,49,0,60048
Corrientes,SAN MARTIN,49,0,41818
Buenos Aires,TORNQUIST,48,4,40986
Buenos Aires,CORONEL DORREGO,48,3,44358
San Juan,CALINGASTA,48,2,29409
Buenos Aires,ROQUE PEREZ,48,1,38815
Tucumán,LA COCHA,48,1,58749
Salta,IRUYA,48,0,16633
Buenos Aires,RAMALLO,47,4,110149
Buenos Aires,CARLOS TEJEDOR,47,2,39198
Buenos Aires,GENERAL ALVEAR,47,1,28401
Buenos Aires,RIVADAVIA,47,1,55015
Salta,SAN CARLOS,46,1,21423
Buenos Aires,GENERAL PAZ,46,0,39328
San Juan,SANTA LUCIA,45,4,174056
Buenos Aires,PUAN,45,3,46482
Catamarca,POMAN,45,3,33856
Buenos Aires,MONTE,45,2,68437
Entre Ríos,SAN SALVADOR,45,2,57701
Buenos Aires,CARMEN DE ARECO,45,1,48399
Buenos Aires,SAAVEDRA,44,3,60313
San Luis,GOBERNADOR DUPUY,44,2,39701
Santiago del Estero,SILIPICA,44,0,27049
Chaco,FRAY JUSTO SANTA MARIA DE ORO,43,1,29585
Neuquén,HUILICHES,43,1,58056
Buenos Aires,GUAMINI,42,5,32734
Buenos Aires,GENERAL VIAMONTE,42,2,63013
Buenos Aires,COLON,42,1,76806
Buenos Aires,TAPALQUE,42,1,29901
Jujuy,SANTA CATALINA,42,0,7269
Salta,CHICOANA,42,0,68563
Buenos Aires,DOLORES,41,1,87848
Jujuy,TILCARA,41,1,40511
Jujuy,SANTA BARBARA,40,2,56491
Catamarca,ANCASTI,40,0,9190
Río Negro,SAN ANTONIO,39,4,98837
Corrientes,SAUCE,39,1,28781
Buenos Aires,GENERAL LAS HERAS,38,1,50063
La Rioja,CORONEL FELIPE VARELA,38,1,31863
La Rioja,GENERAL ANGEL V PEÑALOZA,38,1,8864
Misiones,CONCEPCION,38,1,28373
Corrientes,SAN MIGUEL,38,0,34862
Buenos Aires,ADOLFO GONZALES CHAVES,37,2,35970
Jujuy,TUMBAYA,37,2,14795
Buenos Aires,GENERAL LA MADRID,37,1,32362
Buenos Aires,GENERAL BELGRANO,37,0,57857
Corrientes,MBURUCUYA,37,0,32076
Salta,CACHI,37,0,24665
Neuquén,PEHUENCHES,36,2,81828
Catamarca,AMBATO,36,1,14421
La Pampa,UTRACAN,35,5,49306
Buenos Aires,VILLA GESELL,35,2,103907
Río Negro,25 DE MAYO,35,2,46181
San Juan,IGLESIA,35,2,24486
La Rioja,ARAUCO,35,1,45245
La Pampa,REALICO,34,8,48472
Buenos Aires,BENITO JUAREZ,34,1,59263
Salta,MOLINOS,34,1,15881
San Juan,ALBARDON,34,1,86047
Buenos Aires,LEANDRO N. ALEM,33,3,47921
Neuquén,MINAS,33,3,25909
Chaco,GENERAL DONOVAN,33,2,41876
Buenos Aires,SUIPACHA,33,1,32623
La Rioja,FAMATINA,33,1,19484
Santiago del Estero,SARMIENTO,33,0,13756
Buenos Aires,GENERAL ARENALES,32,2,45754
Buenos Aires,LAPRIDA,32,1,31970
Corrientes,ITATI,32,1,33183
San Juan,ANGACO,32,0,27972
La Pampa,CONHELO,31,5,42488
Neuquén,CHOS MALAL,31,4,51004
Buenos Aires,ALBERTI,31,2,36142
Buenos Aires,PINAMAR,31,2,109174
Buenos Aires,PUNTA INDIO,31,1,34052
Chaco,PRESIDENCIA DE LA PLAZA,31,1,38451
Santiago del Estero,RIVADAVIA,31,1,14754
Neuquén,ALUMINE,30,3,28290
Buenos Aires,GENERAL PINTO,29,4,36030
San Juan,SAN MARTIN,29,3,41228
Buenos Aires,CAPITAN SARMIENTO,29,1,44492
Santiago del Estero,AGUIRRE,29,0,24872
Catamarca,PACLIN,28,2,13126
Jujuy,SUSQUES,28,2,10811
Buenos Aires,CASTELLI,28,1,26736
Chaco,2 DE ABRIL,28,1,23267
Chaco,1§ DE MAYO,28,0,39723
La Pampa,RANCUL,27,6,30825
La Pampa,CHAPALEUFU,27,5,34342
Catamarca,FRAY MAMERTO ESQUIU,27,4,40824
Chubut,GAIMAN,27,3,34875
Río Negro,PILCANIYEU,27,2,25999
Buenos Aires,MAIPU,27,1,31530
Córdoba,SOBREMONTE,27,0,12201
Jujuy,RINCONADA,27,0,4912
Mendoza,LA PAZ,27,0,33447
Neuquén,ÑORQUIN,26,2,15548
Salta,CAFAYATE,26,1,49201
Buenos Aires,PILA,26,0,12812
Corrientes,GENERAL ALVEAR,25,1,25131
Buenos Aires,FLORENTINO AMEGHINO,25,0,29895
Chaco,LIBERTAD,25,0,38286
Río Negro,EL CUY,24,2,19304
Salta,LA CALDERA,24,2,34232
Chubut,RIO SENGUER,24,1,17778
Neuquén,CATAN LIL,24,1,7297
Río Negro,PICHI MAHUIDA,24,1,46097
Santa Cruz,LAGO ARGENTINO,24,1,70244
Santiago del Estero,BELGRANO,24,1,30060
La Rioja,INDEPENDENCIA,24,0,6649
Buenos Aires,GENERAL GUIDO,23,1,8829
Neuquén,AÑELO,22,1,50089
Neuquén,LOS LAGOS,22,1,43179
La Pampa,ATREUCO,21,5,31011
Buenos Aires,SAN CAYETANO,21,2,25142
Buenos Aires,HIPOLITO YRIGOYEN,21,1,29668
Chaco,GENERAL BELGRANO,21,1,35253
Chubut,SARMIENTO,21,1,39926
Neuquén,PICUNCHES,21,1,23523
Salta,LOS ANDES,21,1,19493
Jujuy,VALLE GRANDE,21,0,6865
La Pampa,LOVENTUE,20,3,25878
Neuquén,LONCOPUE,20,1,21432
Buenos Aires,LEZAMA,20,0,17301
La Pampa,PUELEN,20,0,32154
Salta,GUACHIPAS,20,0,9738
La Pampa,GUATRACHE,19,5,26470
Río Negro,9 DE JULIO,19,0,10317
Buenos Aires,GENERAL LAVALLE,18,1,13409
Buenos Aires,TRES LOMAS,18,1,25450
La Pampa,TOAY,18,1,49572
Río Negro,CONESA,18,1,20724
Santiago del Estero,MITRE,18,0,4017
La Pampa,QUEMU QUEMU,17,4,23580
La Rioja,CASTRO BARROS,17,4,16293
Salta,LA CANDELARIA,17,2,19887
Buenos Aires,PELLEGRINI,17,1,19895
La Rioja,SAN BLAS DE LOS SAUCES,17,1,11995
Río Negro,VALCHETA,17,1,12076
Salta,LA POMA,17,1,4873
Chaco,TAPENAGA,17,0,11206
Santa Cruz,CORPEN AIKE,17,0,41659
Río Negro,ÑORQUINCO,16,2,4088
La Pampa,HUCAL,15,4,21829
Chubut,LANGUIÑEO,15,1,8020
La Rioja,VINCHINA,15,0,7534
Salta,LA VIÑA,15,0,24647
La Pampa,CATRILO,14,3,22862
Jujuy,SAN ANTONIO,14,1,18750
Buenos Aires,SALLIQUELO,14,0,26223
Chubut,GASTRE,14,0,3338
Chubut,TEHUELCHES,13,2,16541
Neuquén,COLLON CURA,13,1,13500
Neuquén,PICUN LEUFU,13,1,14185
Santa Cruz,LAGO BUENOS AIRES,13,1,34962
La Pampa,TRENEL,12,2,15836
San Juan,9 DE JULIO,12,1,34400
Chubut,TELSEN,11,2,4506
Buenos Aires,MONTE HERMOSO,11,1,23608
Buenos Aires,TORDILLO,10,1,7055
Catamarca,ANTOFAGASTA DE LA SIERRA,10,0,5051
Corrientes,BERON DE ASTRADA,10,0,7835
Santa Cruz,RIO CHICO,9,2,17286
Santa Cruz,MAGALLANES,9,0,35421
Chubut,PASO DE INDIOS,8,0,5308
Tierra del Fuego,TOLHUIN,8,0,16587
La Pampa,CHICAL CO,7,0,4040
San Juan,ZONDA,6,1,18412
La Pampa,CURACO,6,0,3094
La Pampa,CALEU CALEU,5,1,7225
San Juan,ULLUM,5,1,17794
Chubut,FLORENTINO AMEGHINO,5,0,4968
Chubut,MARTIRES,5,0,2104
La Pampa,LIMAY MAHUIDA,5,0,1169
La Rioja,GENERAL LAMADRID,5,0,5277
La Pampa,CHALILEO,4,0,7980
La Pampa,LIHUEL CALEL,3,1,1188
La Rioja,SANAGASTA,3,1,8351
Tierra del Fuego,ANTARTIDA ARGENTINA,2,0,
